exp,method,constituent,days,truth_amp,truth_phase,amp_med,amp_p05,amp_p95,dA_rms,dphase_med,dphase_p05,dphase_p95,n
D1a,KTide,K1,14,0.389,303.2,0.38964325889320817,0.3673332216695452,0.4110268259806469,0.013333060743060812,0.15348591965843636,-3.38912240562911,3.3591181563541848,1000
D1a,KTide,K1,30,0.389,303.2,0.3890296257741197,0.3827945459733096,0.3951156452676197,0.003694993220043446,0.023433404843927898,-0.8988311692649177,0.8726422454072089,1000
D1a,KTide,K1,60,0.389,303.2,0.3889142000089352,0.38677081451799167,0.3911500061559151,0.0013508725551042047,-0.00100398316317295,-0.3323690143116465,0.3277520155291767,1000
D1a,KTide,K1,90,0.389,303.2,0.3890303791094133,0.3877506009379296,0.39035704781284236,0.0007970283422076126,-0.004795093750999501,-0.18927050263464193,0.19418567407681167,1000
D1a,KTide,K1,120,0.389,303.2,0.3890235277231203,0.3880602139403074,0.38994831388026185,0.0005728537431102551,0.00085535836279855,-0.13590435591664793,0.13603677305148654,1000
D1a,KTide,K1,183,0.389,303.2,0.3890106352406732,0.3883325067648205,0.3897000057484924,0.0004190529201756152,0.00292862170454095,-0.11058079854769286,0.10117094369730634,1000
D1a,KTide,K1,365,0.389,303.2,0.38901124785858743,0.38850562085029655,0.38951625581236937,0.00030671041999293634,-0.00038024882596225,-0.07468343874499225,0.07309057142043966,1000
D1a,KTide,K2,14,0.309,192.0,0.30986556891588957,0.286368447808777,0.32993078639885914,0.013455771972185067,-0.05427791899745665,-4.073990934425834,4.264042715246292,1000
D1a,KTide,K2,30,0.309,192.0,0.3092292347466637,0.303051494389988,0.3156050810034949,0.0038188697500551034,-0.049344337174417705,-1.1696606076981737,1.0261924933889672,1000
D1a,KTide,K2,60,0.309,192.0,0.3089607340131142,0.30662200724040456,0.31123427390529523,0.001368556785422172,0.0172996496372661,-0.44168434804409884,0.4047042292932203,1000
D1a,KTide,K2,90,0.309,192.0,0.3089697520502521,0.30767322886302767,0.31034018951766307,0.0008120311326677672,0.0016345322566592999,-0.23551033677526614,0.2197982408195057,1000
D1a,KTide,K2,120,0.309,192.0,0.3090132197810548,0.3080633240395272,0.3099443891948336,0.0005736049763048434,0.0023796319930653,-0.18034047276493084,0.1771605267678069,1000
D1a,KTide,K2,183,0.309,192.0,0.3089933619180071,0.3083005080243852,0.30969937166510364,0.00042369683488593067,0.0003019576312226,-0.13083908788075568,0.13482643215232593,1000
D1a,KTide,K2,365,0.309,192.0,0.30899830556789903,0.30845113914232974,0.3095122331619532,0.00031044485380000574,0.00189024904939565,-0.09218955416228311,0.10019088651525564,1000
D1a,KTide,M2,14,2.823,129.5,2.8228483099280837,2.8196968850078195,2.8261284258015906,0.001942727220819041,-0.0018744857294592,-0.06405731897258275,0.05912743845945127,1000
D1a,KTide,M2,30,2.823,129.5,2.822952254311738,2.821176665251354,2.8247296795734,0.0010819318410663524,1.386500574085403e-05,-0.03655409778258155,0.03239641242017369,1000
D1a,KTide,M2,60,2.823,129.5,2.822992327358701,2.8217171876898552,2.8242417373319917,0.0007502035978593274,-9.636683047626848e-05,-0.026198996483866165,0.023298411675109713,1000
D1a,KTide,M2,90,2.823,129.5,2.8230194493266962,2.8220771052010725,2.8240211011893765,0.0005962069340709349,0.00019250256737275,-0.019826251299706128,0.020257096216950272,1000
D1a,KTide,M2,120,2.823,129.5,2.8230066640546365,2.8220830774252965,2.8238441709113915,0.0005248262296888879,0.0005828070781461,-0.018159838773382814,0.01726297093207022,1000
D1a,KTide,M2,183,2.823,129.5,2.823015817561956,2.822337906545755,2.8237038791988636,0.00041960734067999226,0.0004819065068062,-0.014421076640166954,0.015442752915990307,1000
D1a,KTide,M2,365,2.823,129.5,2.82299179478638,2.8224856892875714,2.8234933631908445,0.0003007392687665934,0.00023187928468355,-0.010626126292260056,0.010772165269811736,1000
D1a,KTide,O1,14,0.28,250.0,0.2799255753300516,0.27693613233911574,0.28298401646202365,0.0019033021967339815,-0.03174950169233165,-0.6428244811519533,0.65303193913563,1000
D1a,KTide,O1,30,0.28,250.0,0.28001679622006637,0.2782797734454411,0.2817390784457757,0.001046553045667156,-0.01085220283704295,-0.3666920697351031,0.35115830108173884,1000
D1a,KTide,O1,60,0.28,250.0,0.28001052554546957,0.2786915568399293,0.28116944653753195,0.0007740732734069062,-0.00406842559956995,-0.2488977437017553,0.24432951674755968,1000
D1a,KTide,O1,90,0.28,250.0,0.28000271564147916,0.2789514017622281,0.28100647892288116,0.0006155756334009172,-0.005042097459522599,-0.18477903998057313,0.2083231806810317,1000
D1a,KTide,O1,120,0.28,250.0,0.2799923021598405,0.27915367726886287,0.2808313180866753,0.0005230719313958563,0.00318643225823215,-0.1781477163884105,0.1790486034802128,1000
D1a,KTide,O1,183,0.28,250.0,0.2800100165820079,0.27932369212320174,0.28072751799104356,0.00043370701678472067,0.0013717198674071999,-0.13877339534504352,0.15097621466440497,1000
D1a,KTide,O1,365,0.28,250.0,0.2799988479657285,0.27949107538125817,0.2804895283245614,0.0002977507043968035,-0.00012784525753775,-0.10964932376041786,0.1041156927654142,1000
D1a,KTide,P1,14,0.129,300.0,0.12918252650994594,0.10820259946666139,0.15208301710627778,0.013434799011377587,-0.622231931668324,-10.290184762393551,9.9714418190125,1000
D1a,KTide,P1,30,0.129,300.0,0.1289711870346143,0.12270335935443641,0.13550596868840706,0.0037822849943545222,-0.03964795381517655,-2.762183212894328,2.676144379741722,1000
D1a,KTide,P1,60,0.129,300.0,0.12899811584799348,0.12679383111598785,0.13129952779777382,0.001355998074299103,-0.0156094021778585,-1.02797967288314,0.9207596162808895,1000
D1a,KTide,P1,90,0.129,300.0,0.12902387712822772,0.12763260646202282,0.13020361230615468,0.0007863652666268244,0.00602628881279085,-0.5762505154292711,0.5694357736223423,1000
D1a,KTide,P1,120,0.129,300.0,0.1290077408936796,0.12803543865721292,0.1299392408576278,0.0005812136683440159,0.0003439915580259,-0.4324942505994357,0.4244530469828532,1000
D1a,KTide,P1,183,0.129,300.0,0.1289820876657925,0.12829710902610802,0.1297251460317054,0.00042962410469364403,-0.0005815588131383,-0.3254477641089949,0.3159024421305247,1000
D1a,KTide,P1,365,0.129,300.0,0.12899052972867295,0.12846667838584178,0.12945364738816767,0.00030143463549777436,-0.0032071363769432,-0.24183751871953232,0.21135009826286316,1000
D1a,KTide,S2,14,1.135,186.1,1.134699096351127,1.1143760085792782,1.158166817876019,0.013561163095385848,0.01949325855444775,-1.1577779517876252,1.115637580893974,1000
D1a,KTide,S2,30,1.135,186.1,1.1350432572814582,1.1288188047390442,1.1413131474426181,0.0038087667309896823,0.014984245832806598,-0.2967204082487072,0.3206635309613943,1000
D1a,KTide,S2,60,1.135,186.1,1.135013086588947,1.1328645688292582,1.137341289975347,0.0013524410521059884,-0.00110760723231345,-0.11003201167202119,0.10877467799953704,1000
D1a,KTide,S2,90,1.135,186.1,1.134999470620052,1.133668712363738,1.1362870477254325,0.0007981901222099173,0.0023567090619848498,-0.06764353850983011,0.066834565203824,1000
D1a,KTide,S2,120,1.135,186.1,1.1349966303516146,1.1341014364407318,1.1359474517818633,0.0005563517612055659,0.0013528292591615501,-0.04659920585208536,0.050648967369339395,1000
D1a,KTide,S2,183,1.135,186.1,1.1349926716806378,1.1343148671283023,1.1356734611208115,0.000417992471410529,-0.00017707507160475,-0.03536871548877508,0.03658515147092763,1000
D1a,KTide,S2,365,1.135,186.1,1.1350182754865157,1.134504323887998,1.135489917275019,0.00030265332469751633,0.00034919644745905,-0.02402307667347676,0.024288887271009578,1000
D1a,KTide,Z0,14,0.0,0.0,0.0007595080794959,8.439330134325495e-05,0.002173009258881155,0.0011079188455637406,-180.0,-180.0,0.0,1000
D1a,KTide,Z0,30,0.0,0.0,0.000483343616633,3.551377214664751e-05,0.0014107192831287747,0.0007179832692966677,-180.0,-180.0,0.0,1000
D1a,KTide,Z0,60,0.0,0.0,0.0003448643518245,2.857017621323945e-05,0.0009696465670057198,0.0005082798512699797,0.0,-180.0,0.0,1000
D1a,KTide,Z0,90,0.0,0.0,0.00029855086572535,2.7400332682206055e-05,0.0008708383404993749,0.00044468294317682246,-180.0,-180.0,0.0,1000
D1a,KTide,Z0,120,0.0,0.0,0.00024099501299990002,2.0862714025717622e-05,0.0007593650280359849,0.0003734137219347819,-180.0,-180.0,0.0,1000
D1a,KTide,Z0,183,0.0,0.0,0.0002001026861471,1.790366586831931e-05,0.0005959297336118149,0.00030437902894183826,-180.0,-180.0,0.0,1000
D1a,KTide,Z0,365,0.0,0.0,0.00014576290676275,1.5508272332114082e-05,0.00041008410692848995,0.0002124065794997598,-180.0,-180.0,0.0,1000
D1a,TIRA,K1,14,0.389,303.2,0.4357698679258418,0.4108187301333784,0.4596848562782038,0.0487257411405427,123.41455316553487,119.8719451604948,126.62018551078474,1000
D1a,TIRA,K1,30,0.389,303.2,0.43508359096270466,0.4281103922621978,0.4418900838502532,0.046234932349803484,123.28450071805457,122.36223618500925,124.13370968430067,1000
D1a,TIRA,K1,60,0.389,303.2,0.4349545010347835,0.4325573779737336,0.43745498570627606,0.046020751266678324,123.26006338400663,122.92869826698272,123.58881933901232,1000
D1a,TIRA,K1,90,0.389,303.2,0.4350844335505887,0.43365315319556424,0.43656815554372863,0.0461052534772685,123.25627221244946,123.07179680108423,123.45525297259347,1000
D1a,TIRA,K1,120,0.389,303.2,0.435076771136769,0.43399941862860414,0.4361110349385574,0.04607556846717323,123.26192266071791,123.12516294794948,123.39710406848144,1000
D1a,TIRA,K1,183,0.389,303.2,0.4350623523873403,0.4343039459674953,0.435833331708727,0.04606023258431158,123.26399592531118,123.15048650599658,123.3622382436225,1000
D1a,TIRA,K1,365,0.389,303.2,0.4350630375239988,0.43449755357279063,0.43562782914847525,0.046066785696754986,123.26068705154108,123.18638386324868,123.33415787401135,1000
D1a,TIRA,K2,14,0.309,192.0,0.40378393121453404,0.37316497466208254,0.42993079422676833,0.0956134034937543,65.88966808364052,61.86995489475611,70.2079890049398,1000
D1a,TIRA,K2,30,0.309,192.0,0.4029547338602959,0.3949045576402624,0.41126306018208336,0.0941034885945329,65.8946016615148,64.77428534744584,66.9701385410091,1000
D1a,TIRA,K2,60,0.309,192.0,0.4026048524191529,0.3995572718138095,0.4055674883827541,0.09359262695244386,65.96124564742485,65.50226162554907,66.34865020513594,1000
D1a,TIRA,K2,90,0.309,192.0,0.40261660371264635,0.4009271122124064,0.40440241238024977,0.09368155456551641,65.94558054138272,65.70843567344598,66.16374425035347,1000
D1a,TIRA,K2,120,0.309,192.0,0.40267324621100586,0.40143544285679267,0.40388664745516717,0.09366695943470704,65.94632563892705,65.76360552655133,66.12110653058933,1000
D1a,TIRA,K2,183,0.309,192.0,0.4026473695421511,0.4017445158593058,0.40356736655793923,0.09365095405648066,65.94424796031464,65.81310691441394,66.07877243361416,1000
D1a,TIRA,K2,365,0.309,192.0,0.40265381159257274,0.4019408023481783,0.4033235075237615,0.09366238030461817,65.94583625150449,65.85175644826528,66.04413688840887,1000
D1a,TIRA,M2,14,2.823,129.5,2.7279440029580995,2.7248985291590113,2.7311138413189666,0.09505312392408904,-87.55747876992419,-87.61966160881366,-87.49647684747312,1000
D1a,TIRA,M2,30,2.823,129.5,2.728044452573947,2.72632855890505,2.72976212071508,0.09496570745460899,-87.55559042618378,-87.59215838941572,-87.52320787786167,1000
D1a,TIRA,M2,60,2.823,129.5,2.7280831783241775,2.7268509088975437,2.7292905830416037,0.09492017215858503,-87.55570065765788,-87.58180328727438,-87.53230587930652,1000
D1a,TIRA,M2,90,2.823,129.5,2.7281093884341683,2.7271987259553634,2.729077364700583,0.09488146158375027,-87.55541178868542,-87.57543054190167,-87.53534719461896,1000
D1a,TIRA,M2,120,2.823,129.5,2.728097032999656,2.727204497405077,2.7289063828265387,0.0949169154727272,-87.55502148390917,-87.57376412987242,-87.53834131995092,1000
D1a,TIRA,M2,183,2.823,129.5,2.728105878749765,2.7274507591367705,2.7287708077264896,0.09490119799136415,-87.55512238467851,-87.57002536776034,-87.54016153822946,1000
D1a,TIRA,M2,365,2.823,129.5,2.7280826636194253,2.7275935734120393,2.7285673692690384,0.09491690645124265,-87.55537241173144,-87.56623041742128,-87.54483212598431,1000
D1a,TIRA,O1,14,0.28,250.0,0.3386815574151947,0.33506463423645944,0.34238196048116604,0.058763812569110604,146.94212945304463,146.3310544797047,147.6269109173948,1000
D1a,TIRA,O1,30,0.28,250.0,0.3387919250629702,0.3366903036849632,0.340875711733052,0.058808266385825994,146.96302681607153,146.6071869324044,147.32503732027695,1000
D1a,TIRA,O1,60,0.28,250.0,0.3387843380729746,0.33718851977583425,0.34018651506584413,0.05876371427837064,146.96981058511398,146.72498127171178,147.21820852320133,1000
D1a,TIRA,O1,90,0.28,250.0,0.3387748889573346,0.337502905802851,0.3399893407134026,0.05877513174186753,146.9688369142279,146.78909997677687,147.18220219377747,1000
D1a,TIRA,O1,120,0.28,250.0,0.33876228970305355,0.33774763863333923,0.33977741386296345,0.05876912055542469,146.97706544401328,146.79573129659724,147.15292761582435,1000
D1a,TIRA,O1,183,0.28,250.0,0.3387837223682534,0.3379533393798378,0.3396518262940608,0.05878712507928524,146.9752507317527,146.83510561654973,147.12485522829047,1000
D1a,TIRA,O1,365,0.28,250.0,0.3387702094380597,0.33815585612168875,0.3393638829194034,0.058771294778363195,146.97375116790738,146.8642296911135,147.0779947051857,1000
D1a,TIRA,P1,14,0.129,300.0,0.12918252488941495,0.1082025911998435,0.152083017937974,0.0134347990583467,-119.81611179243737,-129.4840646807366,-109.22243832670625,1000
D1a,TIRA,P1,30,0.129,300.0,0.1289711870990137,0.12270335978868492,0.13550596938775167,0.0037822849881761875,-119.23352798593855,-121.95606325570549,-116.51773547457289,1000
D1a,TIRA,P1,60,0.129,300.0,0.12899811575130998,0.12679383128506014,0.1312995276720883,0.0013559980676281244,-119.20948933329092,-120.2218596032054,-118.27312031307154,1000
D1a,TIRA,P1,90,0.129,300.0,0.12902387708337326,0.12763260660303938,0.13020361238992476,0.0007863652688577682,-119.18785363973532,-119.77013047049611,-118.62444415423471,1000
D1a,TIRA,P1,120,0.129,300.0,0.12900774086297634,0.1280354386321483,0.12993924089176198,0.0005812136674665385,-119.19353593691478,-119.62637415832295,-118.76942688627572,1000
D1a,TIRA,P1,183,0.129,300.0,0.12898208766327635,0.12829710902377328,0.129725146043118,0.00042962410482145174,-119.19446150278753,-119.51932769686098,-118.87797749860584,1000
D1a,TIRA,P1,365,0.129,300.0,0.12899052973136477,0.12846667838806236,0.12945364738775786,0.000301434635077854,-119.19708708125026,-119.43571746158041,-118.9825298426314,1000
D1a,TIRA,S2,14,1.135,186.1,1.1346990996571882,1.11437601197782,1.1581668211533112,0.013561163224247373,0.01949323891855665,-1.157777823189481,1.1156375195624515,1000
D1a,TIRA,S2,30,1.135,186.1,1.1350432575585865,1.1288188050485919,1.1413131472481692,0.0038087667329654473,0.01498425100085395,-0.2967204224018146,0.3206635292413921,1000
D1a,TIRA,S2,60,1.135,186.1,1.13501308661911,1.1328645687809638,1.137341289962421,0.0013524410560172577,-0.00110760198084845,-0.1100320100924264,0.10877468489330652,1000
D1a,TIRA,S2,90,1.135,186.1,1.134999470620693,1.1336687123784528,1.1362870477454103,0.0007981901229662614,0.00235671049435375,-0.0676435387510252,0.06683456683035018,1000
D1a,TIRA,S2,120,1.135,186.1,1.1349966303649128,1.1341014364594981,1.135947451799368,0.0005563517606601498,0.00135283121154825,-0.046599202524721675,0.05064896996593826,1000
D1a,TIRA,S2,183,1.135,186.1,1.134992671682255,1.1343148671429395,1.1356734611199848,0.00041799247153655975,-0.00017707345566005,-0.03536871425621936,0.03658515326283543,1000
D1a,TIRA,S2,365,1.135,186.1,1.135018275492342,1.134504323888124,1.135489917278646,0.0003026533247189917,0.000349198190193,-0.02402307497708447,0.02428888914703141,1000
D1a,TIRA,Z0,14,0.0,0.0,0.0007595080860510999,8.43933032143777e-05,0.002173009260465655,0.0011079188455743194,-180.0,-180.0,0.0,1000
D1a,TIRA,Z0,30,0.0,0.0,0.0004833436089255,3.551380372348673e-05,0.0014107192891839046,0.0007179832697641654,-180.0,-180.0,0.0,1000
D1a,TIRA,Z0,60,0.0,0.0,0.00034486434253885,2.8570167026965375e-05,0.0009696465710001348,0.0005082798507590669,0.0,-180.0,0.0,1000
D1a,TIRA,Z0,90,0.0,0.0,0.00029855085730180005,2.740033185956846e-05,0.0008708383404805899,0.00044468294303621965,-180.0,-180.0,0.0,1000
D1a,TIRA,Z0,120,0.0,0.0,0.0002409950095947,2.0862717994873003e-05,0.000759365032657045,0.0003734137218832187,-180.0,-180.0,0.0,1000
D1a,TIRA,Z0,183,0.0,0.0,0.00020010268005095,1.790367032346176e-05,0.0005959297375285749,0.0003043790288977682,-180.0,-180.0,0.0,1000
D1a,TIRA,Z0,365,0.0,0.0,0.0001457629057433,1.5508271717652438e-05,0.00041008410717535,0.00021240657950327805,-180.0,-180.0,0.0,1000
D1a,TTide,K1,14,0.389,303.2,0.38964325959979784,0.36733322079869063,0.4110268262524387,0.013333060867056197,0.1534858650217927,-3.3891221406590066,3.3591182106762796,1000
D1a,TTide,K1,30,0.389,303.2,0.38902962567837873,0.3827945459450135,0.3951156455498403,0.003694993218400315,0.0234334155038311,-0.8988311175861611,0.8726423817897024,1000
D1a,TTide,K1,60,0.389,303.2,0.3889142000392971,0.3867708144771164,0.3911500062981477,0.0013508725503650313,-0.00100391841564825,-0.33236903544478474,0.32775203659627716,1000
D1a,TTide,K1,90,0.389,303.2,0.3890303790924282,0.3877506009708346,0.3903570478604984,0.0007970283424403162,-0.0047950899838155505,-0.18927050134682588,0.19418567016504085,1000
D1a,TTide,K1,120,0.389,303.2,0.38902352775359755,0.388060213917603,0.3899483138591721,0.0005728537418837385,0.0008553583620027,-0.13590435440651163,0.1360367661238228,1000
D1a,TTide,K1,183,0.389,303.2,0.3890106352426649,0.38833250678235914,0.3897000057522834,0.000419052919880824,0.0029286231110745003,-0.110580796203979,0.10117094142111391,1000
D1a,TTide,K1,365,0.389,303.2,0.38901124785658614,0.38850562085880125,0.38951625581097327,0.00030671042034589174,-0.00038025066317,-0.07468343895612857,0.07309057180509047,1000
D1a,TTide,K2,14,0.309,192.0,0.3098655639948523,0.2863684420842913,0.3299307816434513,0.01345577200269463,-0.05427787696373795,-4.073991069552525,4.264043053206112,1000
D1a,TTide,K2,30,0.309,192.0,0.30922923451665296,0.30305149388731023,0.3156050806695531,0.0038188697369081447,-0.04934434204278655,-1.169660656563016,1.0261925378073569,1000
D1a,TTide,K2,60,0.309,192.0,0.30896073403654595,0.3066220072790162,0.3112342739021758,0.001368556783128977,0.01729963989039615,-0.44168438203588917,0.4047041976753191,1000
D1a,TTide,K2,90,0.309,192.0,0.3089697520586423,0.30767322885247644,0.3103401894828324,0.000812031132086811,0.0016345340770698002,-0.23551033387716977,0.21979824305357717,1000
D1a,TTide,K2,120,0.309,192.0,0.30901321977720686,0.30806332404018244,0.3099443892274851,0.0005736049762831787,0.0023796328627554,-0.18034047949943924,0.1771605245247613,1000
D1a,TTide,K2,183,0.309,192.0,0.3089933619154036,0.3083005080291384,0.30969937167073197,0.0004236968349333153,0.00030195806031935,-0.13083908782986525,0.13482643134319824,1000
D1a,TTide,K2,365,0.309,192.0,0.3089983055668064,0.3084511391374177,0.30951223316919735,0.00031044485365290525,0.0018902491847825002,-0.0921895540530854,0.10019088608455021,1000
D1a,TTide,M2,14,2.823,129.5,2.822848310195401,2.8196968853281623,2.8261284262282746,0.0019427271975706768,-0.00187447876146505,-0.06405731764872362,0.059127443690442705,1000
D1a,TTide,M2,30,2.823,129.5,2.8229522543997048,2.821176665333949,2.824729679671137,0.001081931837810246,1.3864991444734187e-05,-0.03655409823967372,0.032396413314216936,1000
D1a,TTide,M2,60,2.823,129.5,2.822992327404453,2.821717187715009,2.824241737349314,0.0007502035965968768,-9.636649002684812e-05,-0.02619899610826897,0.023298411859963123,1000
D1a,TTide,M2,90,2.823,129.5,2.8230194493553276,2.822077105217563,2.8240211012092447,0.0005962069347602296,0.00019250248374185,-0.019826250732501147,0.020257096550636743,1000
D1a,TTide,M2,120,2.823,129.5,2.8230066640787665,2.822083077453694,2.823844170929629,0.0005248262293906342,0.0005828072540339,-0.01815983870847616,0.01726297121304576,1000
D1a,TTide,M2,183,2.823,129.5,2.8230158175698854,2.822337906553174,2.8237038792149263,0.0004196073408507203,0.00048190652225339997,-0.014421076558789955,0.015442752971801999,1000
D1a,TTide,M2,365,2.823,129.5,2.8229917947931833,2.8224856892924586,2.823493363198679,0.0003007392686271905,0.000231879430629,-0.010626126259063465,0.010772165177979735,1000
D1a,TTide,O1,14,0.28,250.0,0.27992557567545484,0.2769361324040356,0.2829840163723041,0.0019033022074117101,-0.0317495594955801,-0.642824532825746,0.6530319048929114,1000
D1a,TTide,O1,30,0.28,250.0,0.28001679625131026,0.27827977348987815,0.2817390783490785,0.0010465530442506058,-0.010852196671208899,-0.366692080342078,0.35115830753367727,1000
D1a,TTide,O1,60,0.28,250.0,0.28001052548580885,0.2786915568389663,0.2811694465824094,0.0007740732704223535,-0.00406842776406785,-0.24889774115532068,0.24432951032479477,1000
D1a,TTide,O1,90,0.28,250.0,0.2800027156446029,0.27895140178066685,0.28100647891277974,0.000615575633540169,-0.0050420986865589,-0.18477903613782726,0.20832318086079898,1000
D1a,TTide,O1,120,0.28,250.0,0.27999230216475746,0.27915367727193674,0.2808313180740155,0.0005230719299261812,0.0031864310738143,-0.17814771634257476,0.17904860288151664,1000
D1a,TTide,O1,183,0.28,250.0,0.28001001659581437,0.279323692138594,0.28072751799456547,0.00043370701656184513,0.0013717188824671,-0.13877339631945343,0.15097621541579823,1000
D1a,TTide,O1,365,0.28,250.0,0.2799988479488811,0.2794910753761356,0.28048952831629065,0.0002977507045874397,-0.0001278450671833,-0.10964932185891876,0.10411569220732697,1000
D1a,TTide,P1,14,0.129,300.0,0.12918252495246219,0.10820259126455237,0.15208301800350132,0.013434799061319691,-0.6222318579853834,-10.290184741121871,9.971441603385003,1000
D1a,TTide,P1,30,0.129,300.0,0.128971187117502,0.12270335980744873,0.13550596940604126,0.0037822849883654276,-0.039648044533038246,-2.7621833136568115,2.676144466353206,1000
D1a,TTide,P1,60,0.129,300.0,0.1289981157571706,0.12679383129093744,0.1312995276780433,0.0013559980678439386,-0.01560939162965265,-1.0279796614466392,0.9207596285933731,1000
D1a,TTide,P1,90,0.129,300.0,0.12902387708523344,0.127632606604882,0.13020361239180475,0.0007863652688074646,0.006026302502760849,-0.5762505282439605,0.5694357880109863,1000
D1a,TTide,P1,120,0.129,300.0,0.12900774086250388,0.1280354386317082,0.12993924089128714,0.000581213667458269,0.0003440059025763,-0.43249421549637357,0.42445305656076177,1000
D1a,TTide,P1,183,0.129,300.0,0.1289820876615152,0.1282971090220155,0.12972514604136823,0.000429624104866053,-0.0005815586284540499,-0.32544775270622206,0.31590244555998476,1000
D1a,TTide,P1,365,0.129,300.0,0.128990529730511,0.12846667838721262,0.12945364738690707,0.0003014346351350236,-0.0032071371859955997,-0.24183751752173063,0.21135010143817348,1000
D1a,TTide,S2,14,1.135,186.1,1.1346990999684419,1.114376012290244,1.158166821459936,0.013561163224725954,0.01949322185097905,-1.1577778394712979,1.1156375022437255,1000
D1a,TTide,S2,30,1.135,186.1,1.1350432576728653,1.1288188051630745,1.1413131473627698,0.003808766732177389,0.0149842468034364,-0.2967204265631323,0.3206635250144088,1000
D1a,TTide,S2,60,1.135,186.1,1.135013086664731,1.1328645688265262,1.1373412900079665,0.0013524410568265884,-0.00110760469510745,-0.11003201280004325,0.1087746821792308,1000
D1a,TTide,S2,90,1.135,186.1,1.1349994706433886,1.133668712401176,1.1362870477681188,0.0007981901228219415,0.0023567081470331997,-0.06764354109718616,0.0668345644833081,1000
D1a,TTide,S2,120,1.135,186.1,1.1349966303748253,1.1341014364694861,1.135947451809319,0.0005563517606486024,0.0013528290930508498,-0.0465992046436895,0.05064896784796951,1000
D1a,TTide,S2,183,1.135,186.1,1.134992671679927,1.1343148671406014,1.135673461117633,0.0004179924715455315,-0.00017707521158165,-0.03536871601198327,0.03658515150654146,1000
D1a,TTide,S2,365,1.135,186.1,1.1350182754905984,1.1345043238864112,1.1354899172769226,0.0003026533246643247,0.00034919640854975,-0.024023076756654372,0.024288887365417993,1000
D1a,TTide,Z0,14,0.0,0.0,0.0007595080857719,8.43933034696217e-05,0.0021730092607487148,0.0011079188455738356,-1.0038547770818695e-10,-179.99999999999636,179.9999999999491,1000
D1a,TTide,Z0,30,0.0,0.0,0.0004833436089252,3.55138034151263e-05,0.0014107192894620146,0.0007179832697549678,179.99999998703612,3.9676706364844e-11,179.99999999996146,1000
D1a,TTide,Z0,60,0.0,0.0,0.00034486434236055,2.8570166866500502e-05,0.0009696465708398598,0.0005082798507634877,-4.604316927725449e-12,-179.9999999999945,179.99999999999204,1000
D1a,TTide,Z0,90,0.0,0.0,0.0002985508571694,2.740033172610533e-05,0.0008708383403604849,0.0004446829430282915,-179.99999999837047,-179.99999999998204,-1.2505552149377763e-11,1000
D1a,TTide,Z0,120,0.0,0.0,0.00024099500970064998,2.0862718101129285e-05,0.0007593650327586299,0.00037341372187733483,179.9999999977294,6.2613025875180056e-12,179.9999999999843,1000
D1a,TTide,Z0,183,0.0,0.0,0.00020010268004995002,1.7903670306446086e-05,0.0005959297374979849,0.00030437902889665126,6.508571459562518e-11,-180.0,179.9999999999853,1000
D1a,TTide,Z0,365,0.0,0.0,0.0001457629057438,1.5508271740688966e-05,0.000410084107136695,0.00021240657950231096,-1.772946234268602e-10,-180.0,179.9999999999565,1000
D1a,UTide,K1,14,0.389,303.2,0.4121444146126184,0.3884852673698126,0.43517397430453675,0.0268255837417679,1.9216634383297164,-1.6016650899716918,5.16018934307175,1000
D1a,UTide,K1,30,0.389,303.2,0.41220063293614206,0.4055826160984925,0.4186456945405753,0.023499540217608497,1.7826567059576917,0.85861024100642,2.631024984510432,1000
D1a,UTide,K1,60,0.389,303.2,0.41156617937405054,0.40929511630154863,0.4139312409380946,0.02265160903655716,1.7270143404488465,1.3959921875283101,2.056123860206299,1000
D1a,UTide,K1,90,0.389,303.2,0.41099692125561127,0.40964757382894884,0.41239598150545953,0.022023649236105006,1.7064675774567206,1.5220644005842587,1.9053026889726907,1000
D1a,UTide,K1,120,0.389,303.2,0.41020183720083747,0.40918696234026475,0.4111785661046934,0.02120657791836791,1.7137211791324773,1.5765624351319503,1.848599864259549,1000
D1a,UTide,K1,183,0.389,303.2,0.408258977940986,0.40754709224592567,0.4089832200185148,0.019260003524935353,1.7126421012322908,1.5989333880841285,1.8102581500229689,1000
D1a,UTide,K1,365,0.389,303.2,0.40414034580492036,0.40361592614481107,0.4046654244751646,0.015145604985404102,1.4688839724784941,1.394982650800745,1.5423011500153847,1000
D1a,UTide,K2,14,0.309,192.0,0.3677568157607497,0.3400004959812538,0.3913434292881989,0.06014377380214812,-175.55738805737167,-179.04931037650528,-168.9647076673116,1000
D1a,UTide,K2,30,0.309,192.0,0.3641241567914879,0.35686105359563336,0.3716028064912561,0.05531622488023193,-175.80483020281628,-176.92954762182382,-174.72784600913315,1000
D1a,UTide,K2,60,0.309,192.0,0.3617779834711466,0.3590410203838149,0.3644315739336008,0.05277164796536716,-175.8109588756598,-176.27099090617156,-175.42510144573095,1000
D1a,UTide,K2,90,0.309,192.0,0.3599098184282079,0.3583954837480679,0.36150321241766653,0.050968873993126405,-175.88416331089374,-176.12088575574305,-175.66586432237642,1000
D1a,UTide,K2,120,0.309,192.0,0.35810788652924896,0.3570081079216092,0.35918907478158085,0.049103122463419704,-175.93241795699703,-176.11558370313102,-175.75808226784216,1000
D1a,UTide,K2,183,0.309,192.0,0.35478760140862786,0.35400147081815275,0.3556032619883533,0.04579466351401954,-176.00913992293002,-176.1409590536895,-175.87589176468532,1000
D1a,UTide,K2,365,0.309,192.0,0.3462007919699877,0.3455890269490745,0.3467727124020379,0.037205793246840986,-176.53232393013752,-176.6264165878348,-176.4325827771745,1000
D1a,UTide,M2,14,2.823,129.5,2.762329962914674,2.75925843151501,2.7655309503638756,0.06069021311513115,134.71384472384617,134.65100835188323,134.77509218326978,1000
D1a,UTide,M2,30,2.823,129.5,2.763142120617891,2.761394742846832,2.764873353949201,0.05988011165604619,134.7104056590651,134.67357616025612,134.74295997904272,1000
D1a,UTide,M2,60,2.823,129.5,2.7643807479560483,2.763141416978036,2.7656119478014207,0.058619065274915526,134.69622600982387,134.670181446313,134.71967050648368,1000
D1a,UTide,M2,90,2.823,129.5,2.7656734356817205,2.7647474044774043,2.766653391714267,0.05731906309112863,134.68284133324636,134.6628261880725,134.7028847016782,1000
D1a,UTide,M2,120,2.823,129.5,2.7669643559988173,2.766060596845901,2.7677861933903314,0.05605111199683402,134.66897583549422,134.65021793230736,134.68561241224512,1000
D1a,UTide,M2,183,2.823,129.5,2.7694644855641433,2.76879930108663,2.7701399005081284,0.05354328658482069,134.63890702446866,134.62394912418267,134.65383813430108,1000
D1a,UTide,M2,365,2.823,129.5,2.7772014489216237,2.7767042426254482,2.777694997583354,0.04579862232293787,134.57129753167476,134.5604493060794,134.58184449853954,1000
D1a,UTide,O1,14,0.28,250.0,0.3068941229640173,0.3035442030395088,0.31029236810999616,0.027000228168341606,136.51620343857385,135.90469823914492,137.19402911580525,1000
D1a,UTide,O1,30,0.28,250.0,0.3064559259209906,0.30451985406440996,0.30836028275757277,0.02648506990613329,136.56046594723466,136.20418171090563,136.9228852265956,1000
D1a,UTide,O1,60,0.28,250.0,0.305543144151739,0.304101020793401,0.30680779038725164,0.02553218104658287,136.64411422630235,136.4007210691315,136.89413151738933,1000
D1a,UTide,O1,90,0.28,250.0,0.30466818570797716,0.3035283861930819,0.305762974000466,0.02467274848474245,136.71925547151298,136.5395084801155,136.9336188411384,1000
D1a,UTide,O1,120,0.28,250.0,0.3038069298007085,0.302898273260769,0.30472102119897004,0.023820040272884542,136.79426553677885,136.61399662803137,136.96999791545534,1000
D1a,UTide,O1,183,0.28,250.0,0.301915914687956,0.30117983261576387,0.3026904011597331,0.021919386829894662,136.9215605779821,136.78184648507698,137.07086831767563,1000
D1a,UTide,O1,365,0.28,250.0,0.29686196858156255,0.29632285723148566,0.29737808944463523,0.01686147092264832,137.2374993254838,137.12800958628867,137.34060349261722,1000
D1a,UTide,P1,14,0.129,300.0,0.1292880054916049,0.10822742896204134,0.15171882576674364,0.013385538007655667,-10.507367398833821,-20.003974234151595,0.029426823642912835,1000
D1a,UTide,P1,30,0.129,300.0,0.12841327318331125,0.1221915542317536,0.13493412389474543,0.003801526819463099,-9.888277911829988,-12.59550586862383,-7.150443163762175,1000
D1a,UTide,P1,60,0.129,300.0,0.12899834278179173,0.12680578609826668,0.13127335532678983,0.0013478193802223227,-9.926324687094366,-10.9445793944757,-8.999211924513421,1000
D1a,UTide,P1,90,0.129,300.0,0.12955984249155783,0.12818207693307426,0.1307285016795603,0.0009371006917779552,-10.126202881826686,-10.703532086920697,-9.572122826334105,1000
D1a,UTide,P1,120,0.129,300.0,0.12977873700496695,0.12880576230892027,0.13069903043472084,0.0009697247712459231,-10.464280585614915,-10.893885579968876,-10.045892368987623,1000
D1a,UTide,P1,183,0.129,300.0,0.12879374312586445,0.12811309482161795,0.12952924573885152,0.0004703985261890234,-11.065077054743341,-11.390375585133626,-10.752571112212735,1000
D1a,UTide,P1,365,0.129,300.0,0.12886643449827614,0.12834780292577835,0.12932374777494704,0.0003316069755057771,-11.103452392084165,-11.343193964286751,-10.888445397741785,1000
D1a,UTide,S2,14,1.135,186.1,1.1324241229782446,1.1118433831738712,1.156351781772341,0.013829610772143537,0.2797760685075019,-0.9226140233825488,1.3969416598779445,1000
D1a,UTide,S2,30,1.135,186.1,1.1351297473725608,1.1288840707726826,1.1414558814474989,0.0038279727964248625,0.2493513108479703,-0.06374208381098465,0.5556253585789591,1000
D1a,UTide,S2,60,1.135,186.1,1.1367909584089801,1.134635474999169,1.139112149794298,0.002255366803430382,0.2228875603362894,0.113349063506655,0.33341892852226773,1000
D1a,UTide,S2,90,1.135,186.1,1.138023264407739,1.1366973603360047,1.1393210452606237,0.003127599030117987,0.1846058568331301,0.11445577873557507,0.2493516632456959,1000
D1a,UTide,S2,120,1.135,186.1,1.1386924076862721,1.1377825763852218,1.1396462012812723,0.0037364601779139367,0.1181885880048412,0.07025758177427972,0.16687976056952034,1000
D1a,UTide,S2,183,1.135,186.1,1.137484880732583,1.1368128229675116,1.1381680365628335,0.002524978180046834,0.0027172923515479,-0.03238541533571744,0.03937399931677554,1000
D1a,UTide,S2,365,1.135,186.1,1.1370210600224642,1.1365078203170456,1.1374923852063614,0.0020347376130589742,0.01041015746349665,-0.01394636452663034,0.03442817126629758,1000
D1a,UTide,Z0,14,0.0,0.0,0.0,0.0,0.0,0.0,0.0,0.0,0.0,1000
D1a,UTide,Z0,30,0.0,0.0,0.0,0.0,0.0,0.0,0.0,0.0,0.0,1000
D1a,UTide,Z0,60,0.0,0.0,0.0,0.0,0.0,0.0,0.0,0.0,0.0,1000
D1a,UTide,Z0,90,0.0,0.0,0.0,0.0,0.0,0.0,0.0,0.0,0.0,1000
D1a,UTide,Z0,120,0.0,0.0,0.0,0.0,0.0,0.0,0.0,0.0,0.0,1000
D1a,UTide,Z0,183,0.0,0.0,0.0,0.0,0.0,0.0,0.0,0.0,0.0,1000
D1a,UTide,Z0,365,0.0,0.0,0.0,0.0,0.0,0.0,0.0,0.0,0.0,1000
D1b,KTide,2MS6,14,0.012,58.0,0.01210633159740865,0.009520922402740526,0.014660429858755314,0.0015473078759861343,-0.29158456432024593,-11.986228804934496,11.95046222637537,1000
D1b,KTide,2MS6,30,0.012,58.0,0.0120913022032598,0.010241939253696155,0.013736763399089514,0.0010417469117872005,-0.0885281277286793,-8.012062437620292,7.569861302895432,1000
D1b,KTide,2MS6,60,0.012,58.0,0.01199955219584405,0.01083666532190616,0.013105117476546285,0.0007135934633634102,0.00502918907328365,-5.525472405904199,5.991706906876372,1000
D1b,KTide,2MS6,90,0.012,58.0,0.012061234457530951,0.01106306902388431,0.01298892345527979,0.0005823809579976911,0.010282733336524,-4.491233286244113,4.97584165411898,1000
D1b,KTide,2MS6,120,0.012,58.0,0.012060235697561851,0.01107779241126211,0.01292614854943637,0.0005584864692784769,0.10668764927127936,-4.127615106789103,4.177277855343713,1000
D1b,KTide,2MS6,183,0.012,58.0,0.0120112280310532,0.01129720922814785,0.012716889610145204,0.0004213390848332247,0.1595722306144864,-3.346168255116338,3.388283236380437,1000
D1b,KTide,2MS6,365,0.012,58.0,0.01199659609657765,0.011513718382963715,0.01250782043462127,0.0002998190447999942,-0.01655480334419215,-2.4929970566378303,2.430370536814522,1000
D1b,KTide,K2,14,0.309,192.0,0.30988554969891635,0.28071649717999847,0.340352272303197,0.01808795984219834,-0.2694168565833053,-5.753899064377151,5.560998083943781,1000
D1b,KTide,K2,30,0.309,192.0,0.3092587979545775,0.30302212443412385,0.3157444525866467,0.0038541572616868905,-0.0717470873219383,-1.1861449504995092,1.04248374119969,1000
D1b,KTide,K2,60,0.309,192.0,0.30895601083900515,0.3066336264350811,0.3112167750570744,0.0013671053926548324,0.015580724598706248,-0.4362638507939039,0.40474460049715183,1000
D1b,KTide,K2,90,0.309,192.0,0.3089667177673906,0.30767612676562095,0.3103339026951955,0.0008120237112180615,0.0020940102507722,-0.23303815553174156,0.22137264216999716,1000
D1b,KTide,K2,120,0.309,192.0,0.3090163609895739,0.30806116144909296,0.309941070234444,0.0005743046044499156,0.00238083071377555,-0.17963261470064815,0.17716858992509965,1000
D1b,KTide,K2,183,0.309,192.0,0.308994058021064,0.3083030254153735,0.30969926639558554,0.0004236421402314378,0.00034796909548614997,-0.13113831376281695,0.1347720133196915,1000
D1b,KTide,K2,365,0.309,192.0,0.30899833765782225,0.30845066016724515,0.3095121665892212,0.0003104387217236806,0.0019507089257331,-0.09214332827688024,0.10017730292176726,1000
D1b,KTide,M2,14,2.823,129.5,2.8226591381648904,2.8173330305795576,2.828037942349863,0.003278991521740014,0.0029999626516001,-0.11241768937976383,0.10351235288605519,1000
D1b,KTide,M2,30,2.823,129.5,2.8229530880477958,2.8211758347871982,2.824750311987488,0.0010828601078114552,-4.234124283186702e-05,-0.03645149561392457,0.03279300155951571,1000
D1b,KTide,M2,60,2.823,129.5,2.822972633212767,2.821727942033147,2.82422956903508,0.0007524045167961604,-0.00036832004604995,-0.026138344007922806,0.023594520329795816,1000
D1b,KTide,M2,90,2.823,129.5,2.8230105324669084,2.822078946263855,2.824012820834163,0.0005998836694803589,0.0001709924087549,-0.0198732704416528,0.01973154034250796,1000
D1b,KTide,M2,120,2.823,129.5,2.823016608601074,2.822097388914187,2.8238340807488713,0.0005252812372347419,0.00071585347531305,-0.01782677604005437,0.017117714553897597,1000
D1b,KTide,M2,183,2.823,129.5,2.8230137589255593,2.82234445006699,2.82370044857022,0.0004205836843475108,0.00052891921056635,-0.014504846189132005,0.015485109779056889,1000
D1b,KTide,M2,365,2.823,129.5,2.822990715447275,2.822487351397217,2.823496168726819,0.0003008148855248506,0.0002711775313457,-0.01051382165413481,0.01071120418453116,1000
D1b,KTide,M4,14,0.1,266.0,0.10032052453054675,0.09480333778392609,0.1060186523218825,0.0034756813458136503,0.0632931486480572,-3.3622226296469195,3.214810070397916,1000
D1b,KTide,M4,30,0.1,266.0,0.10002587046257075,0.0982468831368107,0.10182397294538323,0.001104455355315702,0.018633310328482353,-0.9654097574568936,1.0057976455132176,1000
D1b,KTide,M4,60,0.1,266.0,0.09996959425500726,0.09877176952406956,0.10126047746736466,0.0007682021447778809,0.02938050758473305,-0.6725871121126545,0.729525204173339,1000
D1b,KTide,M4,90,0.1,266.0,0.09998504036627906,0.09897803560243046,0.10103986642958723,0.0006286754263717234,0.0093741858591158,-0.5756341717518836,0.5502442195268736,1000
D1b,KTide,M4,120,0.1,266.0,0.0999638976971749,0.09910849522944551,0.10087732719964346,0.0005281892866470299,0.0131186577389996,-0.4906392186028853,0.5010108320436756,1000
D1b,KTide,M4,183,0.1,266.0,0.10001315370341705,0.09929008824120922,0.10070624848019781,0.00042839581232970327,-0.01419921513863185,-0.39182058074582926,0.41293757482084736,1000
D1b,KTide,M4,365,0.1,266.0,0.1000086816098249,0.09952072962573136,0.10049299923661373,0.0003008502727959521,-0.00142437692238665,-0.28683984235213694,0.28282293044266277,1000
D1b,KTide,M6,14,0.04,38.0,0.0400675193298936,0.0376015399680111,0.04256955239773358,0.0015238772949372613,0.02984712402216865,-3.8209833693349666,3.5235995822672503,1000
D1b,KTide,M6,30,0.04,38.0,0.040027446736120395,0.03828774537770122,0.04174223846706716,0.0010534106164305234,-0.0814244405730306,-2.411748696271806,2.328048969900568,1000
D1b,KTide,M6,60,0.04,38.0,0.04004754769460955,0.03873852782731467,0.04120253700718097,0.0007339700872900054,-0.0042210293158717,-1.7680323185090416,1.6513827039504116,1000
D1b,KTide,M6,90,0.04,38.0,0.040003292212677996,0.039072882511049525,0.041018145542856606,0.0005981424466815627,-0.00871622356008565,-1.3879758190448928,1.5059524826504669,1000
D1b,KTide,M6,120,0.04,38.0,0.04003301262764975,0.03914634791480489,0.04090404884152903,0.0005507274920094399,-0.00125485296148035,-1.2313135227924548,1.27939829304271,1000
D1b,KTide,M6,183,0.04,38.0,0.039991848401792596,0.03922005203476603,0.040664749297476134,0.0004357509564747115,0.0134968033629121,-1.0023121760779206,0.9756435271600722,1000
D1b,KTide,M6,365,0.04,38.0,0.0400008774125803,0.039516769016649377,0.040496462184497026,0.0002948052978988167,0.0021323693396339497,-0.7342329863341718,0.7090991417178955,1000
D1b,KTide,MK4,14,0.015,302.0,0.02602840917447065,0.00730250240443886,0.05082340643271022,0.017928120663810915,-1.2278312308461636,-128.32979503006536,129.42691666646053,1000
D1b,KTide,MK4,30,0.015,302.0,0.0155917128811702,0.009354231098549305,0.02139080293912641,0.0037731531059078853,-0.6921885546171325,-23.722693686195782,23.854612974389532,1000
D1b,KTide,MK4,60,0.015,302.0,0.015061092147454401,0.013021728477065855,0.017396957518959255,0.0013536861215103647,0.01633466470983075,-8.638826042273413,8.52670263823416,1000
D1b,KTide,MK4,90,0.015,302.0,0.0150286475980518,0.013831817757210495,0.016250763131923765,0.0007589282783570556,0.1241669252701456,-5.190692329157718,5.074152351060382,1000
D1b,KTide,MK4,120,0.015,302.0,0.01501173111368225,0.014082582976889045,0.015947654797740733,0.0005737544723669291,0.07409643542484895,-3.741537728022757,3.8248587578412914,1000
D1b,KTide,MK4,183,0.015,302.0,0.0150101894159075,0.01435426390116935,0.01575695416324642,0.00042284535462918624,-0.0762732997380055,-2.751273927274565,2.582621715921006,1000
D1b,KTide,MK4,365,0.015,302.0,0.01500570137232635,0.01449709310886785,0.015490523472696796,0.00030264200037529343,0.00964456840546285,-1.952672818428877,1.8334494045626482,1000
D1b,KTide,MN4,14,0.025,258.0,0.02520636394746965,0.02069497917752957,0.0300828851420154,0.0028682692981464772,0.13819496538923198,-10.392286879547921,11.822183563125487,1000
D1b,KTide,MN4,30,0.025,258.0,0.02498984343904735,0.023194128901719655,0.026735458130906487,0.001067373306984172,-0.03684391164699715,-3.877406540479292,4.192785178413958,1000
D1b,KTide,MN4,60,0.025,258.0,0.02501404819097125,0.023773719891413827,0.02627322141190342,0.0007667478236396125,0.0702035342357589,-2.5868634291812995,2.7740563509871574,1000
D1b,KTide,MN4,90,0.025,258.0,0.02498542520169705,0.02393525019634846,0.02599870640626966,0.0006182989880760377,-0.00860105540397165,-2.082358094887195,2.2122354870735967,1000
D1b,KTide,MN4,120,0.025,258.0,0.0249835582865761,0.024100757452687294,0.025896038969848517,0.0005446703817688557,-0.048623642035266756,-1.9945066356178416,1.828763456257252,1000
D1b,KTide,MN4,183,0.025,258.0,0.024993246502534247,0.02433031570581275,0.025653060115567596,0.0004063239548655417,0.0200134540404519,-1.6364482894546142,1.6715189998165896,1000
D1b,KTide,MN4,365,0.025,258.0,0.025004600027813552,0.024502756314081164,0.02548024847704003,0.0003021103841090994,0.0567479196291742,-1.1006439122133513,1.1040862971163903,1000
D1b,KTide,MS4,14,0.07,290.0,0.07359787972110429,0.04314269244838545,0.10416276227651806,0.018965954819643277,-0.0032489451544677004,-27.523019423954068,26.647658773236703,1000
D1b,KTide,MS4,30,0.07,290.0,0.06999535519415365,0.06404987543338912,0.07634741403951897,0.0037702230452045906,0.13106516693764544,-5.069899680460876,5.025478313467278,1000
D1b,KTide,MS4,60,0.07,290.0,0.0699931307079754,0.06772743734320903,0.0722419750260117,0.0013391941048841519,0.00792018319330615,-1.89413549864901,1.730149509797189,1000
D1b,KTide,MS4,90,0.07,290.0,0.06996211714818705,0.06871617641039575,0.07127320075086244,0.000784600420594846,0.03713992419693565,-1.0191775807237717,1.0087828563601418,1000
D1b,KTide,MS4,120,0.07,290.0,0.0700238153393711,0.06902014218370783,0.07102386396110204,0.0005951911867009172,-0.01771011074737315,-0.7550127208241832,0.7638645457208297,1000
D1b,KTide,MS4,183,0.07,290.0,0.0700270364483459,0.06935368630205548,0.07069435475241025,0.00041906642903055593,0.019043620819473903,-0.5227462234248008,0.6184234770428217,1000
D1b,KTide,MS4,365,0.07,290.0,0.0700003901208978,0.06947881905962518,0.07048691198508875,0.0003094943579042566,0.0009485325812760999,-0.4090770702867047,0.4084514778860804,1000
D1b,KTide,N2,14,0.525,108.4,0.5250014366025324,0.5205020925705695,0.5296344090824029,0.002821636756551053,-0.01565599842257365,-0.5031880325001182,0.4674893634399467,1000
D1b,KTide,N2,30,0.525,108.4,0.5249629851455544,0.523266829860476,0.5267371350271199,0.001072824006514128,-0.0024520361356081,-0.1969981828455729,0.21093747437199958,1000
D1b,KTide,N2,60,0.525,108.4,0.524994296931425,0.5237901000860048,0.5261707800089405,0.0007568907412882796,0.00012997490827614954,-0.1245619000468096,0.1415683373869541,1000
D1b,KTide,N2,90,0.525,108.4,0.5249917963183642,0.5240078156288379,0.5259682391389942,0.0006156970059747871,-0.0028471427067699503,-0.10667043608568172,0.10348433168941816,1000
D1b,KTide,N2,120,0.525,108.4,0.5249902906731049,0.5241874188818544,0.5258597681424905,0.0005115286057543977,0.0020193162279439998,-0.0956013461556409,0.09182987503393453,1000
D1b,KTide,N2,183,0.525,108.4,0.5249830901391869,0.5243274221160599,0.5257196345447371,0.0004190723522232683,0.0009715693378352999,-0.07475314521588243,0.07652776932151678,1000
D1b,KTide,N2,365,0.525,108.4,0.525021732867962,0.5245022338927277,0.5254981474823714,0.0002958856340479399,0.00107410789601655,-0.05129263549846991,0.05656702933202659,1000
D1b,KTide,S2,14,1.135,186.1,1.1348900003037479,1.1036088659555456,1.1648873648804052,0.018716528181701164,0.06424719346185265,-1.5447020501118587,1.6344104059605788,1000
D1b,KTide,S2,30,1.135,186.1,1.1350562659415258,1.1287909563357859,1.141304828774822,0.0038216293763379035,0.013233212556144649,-0.2929202253642742,0.3294238454641998,1000
D1b,KTide,S2,60,1.135,186.1,1.1350049372461264,1.1328568973644637,1.1373489734626678,0.0013520919698564566,-0.00111895961534,-0.11168747054906583,0.10883927410992411,1000
D1b,KTide,S2,90,1.135,186.1,1.135003618236773,1.1336746087397789,1.1362927769865,0.0007988658993110649,0.00223700179945745,-0.0668460230301647,0.06693217693816818,1000
D1b,KTide,S2,120,1.135,186.1,1.1349909580651274,1.1341033194016963,1.1359335686338172,0.000557142486518736,0.0016647353348844,-0.04650877273471533,0.05072467631182171,1000
D1b,KTide,S2,183,1.135,186.1,1.1349936827533846,1.134316903690035,1.1356738970502247,0.00041802031906732184,-0.00010874317318607,-0.03534494324186846,0.03651337338410197,1000
D1b,KTide,S2,365,1.135,186.1,1.1350186739808201,1.1345044616385913,1.1354901247395859,0.0003026735407181095,0.00034100864043295,-0.02400349290226557,0.024277880714130527,1000
D1b,KTide,Z0,14,0.0,0.0,0.0007723816677337001,9.071752736851773e-05,0.00213612834637912,0.001103153085011871,-180.0,-180.0,0.0,1000
D1b,KTide,Z0,30,0.0,0.0,0.00048441278880575,3.27092708663021e-05,0.0014013749636555648,0.0007169736000987692,-180.0,-180.0,0.0,1000
D1b,KTide,Z0,60,0.0,0.0,0.0003448192689741,3.0325939414313244e-05,0.0009629160173924649,0.0005085335843029043,0.0,-180.0,0.0,1000
D1b,KTide,Z0,90,0.0,0.0,0.0002990305402921,2.8642472971160976e-05,0.0008677680243255344,0.00044475462046961634,-180.0,-180.0,0.0,1000
D1b,KTide,Z0,120,0.0,0.0,0.00024053669960725,2.211558585369189e-05,0.0007595904553530449,0.0003733115296771767,-180.0,-180.0,0.0,1000
D1b,KTide,Z0,183,0.0,0.0,0.00020002583921970002,1.7784852268022256e-05,0.000595886437818005,0.0003043726591195482,-180.0,-180.0,0.0,1000
D1b,KTide,Z0,365,0.0,0.0,0.0001453827365251,1.5590237726306595e-05,0.00041013802127532996,0.00021241322544871577,-180.0,-180.0,0.0,1000
D1b,TIRA,2MS6,14,0.012,58.0,0.01130598443218005,0.008891496141068761,0.013691231802591535,0.0016053089843812368,-169.62974448995612,-178.90266003282753,178.91763457222623,1000
D1b,TIRA,2MS6,30,0.012,58.0,0.011291948654316899,0.00956484676191346,0.01282862878539092,0.0012164169033067693,-173.06674593043087,-179.21013473313403,178.89579909694856,1000
D1b,TIRA,2MS6,60,0.012,58.0,0.0112062642433666,0.010120255575027446,0.01223874081695973,0.001033121931885008,-174.45458322942665,-179.1704943750245,178.2493007529674,1000
D1b,TIRA,2MS6,90,0.012,58.0,0.01126386870470495,0.010331691771440134,0.01213022836858951,0.0009314695295518844,-174.78896519844994,-178.94297019755768,-168.33743401878897,1000
D1b,TIRA,2MS6,120,0.012,58.0,0.011262935964081601,0.010345441812739655,0.01207160350241261,0.0009150603890404121,-174.83861711816067,-178.61825189191208,-170.2143304775168,1000
D1b,TIRA,2MS6,183,0.012,58.0,0.011217168191318901,0.010550353033645236,0.011876178633424314,0.0008788815048273042,-174.90915790393484,-178.19458612941943,-171.50154309758614,1000
D1b,TIRA,2MS6,365,0.012,58.0,0.011203503571708,0.010752548806849126,0.011680930975204165,0.0008388156897067906,-175.1275121891126,-177.59758293427151,-172.6631223588958,1000
D1b,TIRA,K2,14,0.309,192.0,0.4038099654370319,0.3657999481412819,0.4435109603951706,0.09746178728069327,65.67452929721478,60.190047200905354,71.50494463708559,1000
D1b,TIRA,K2,30,0.309,192.0,0.4029932573263234,0.3948662861618055,0.41144467480395863,0.0941296917055926,65.87219894029363,64.75780118716742,66.98642974913719,1000
D1b,TIRA,K2,60,0.309,192.0,0.40259869761050593,0.3995724127508775,0.40554468550741973,0.09359390274385807,65.95952672924156,65.5076821517693,66.34869059456635,1000
D1b,TIRA,K2,90,0.309,192.0,0.4026126496934333,0.4009308885179639,0.4043942200281265,0.09368180859365205,65.94604001874339,65.71090784898703,66.16531864672739,1000
D1b,TIRA,K2,120,0.309,192.0,0.4026773395324451,0.4014326248039827,0.40388232249709827,0.09366653268650546,65.94632683697904,65.76431339197715,66.12111459703969,1000
D1b,TIRA,K2,183,0.309,192.0,0.4026482766578213,0.40174779626139473,0.40356722938217204,0.09365082735741452,65.94429396923226,65.81280768886482,66.07871801507655,1000
D1b,TIRA,K2,365,0.309,192.0,0.4026538534174938,0.4019401782082582,0.4033234207582094,0.09366238165204752,65.94589671149436,65.8518026742876,66.04412330489309,1000
D1b,TIRA,M2,14,2.823,129.5,2.7277611921316343,2.7226141482973407,2.7329591603252545,0.09529762537897646,-87.5526043029914,-87.66802196135647,-87.45209191215962,1000
D1b,TIRA,M2,30,2.823,129.5,2.728045258263206,2.726327756363573,2.729782059489988,0.09496396980172023,-87.55564662990524,-87.59205578557919,-87.52281128985584,1000
D1b,TIRA,M2,60,2.823,129.5,2.7280641462654165,2.7268613016737415,2.7292788238567542,0.09491951173709243,-87.55597261049314,-87.58174263550826,-87.53200977073519,1000
D1b,TIRA,M2,90,2.823,129.5,2.7281007713464716,2.7272005051392845,2.7290693627243523,0.0948817517762071,-87.55543329867389,-87.57547756161104,-87.53587275078881,1000
D1b,TIRA,M2,120,2.823,129.5,2.728106643201988,2.7272183277194273,2.728896631901066,0.09491677715586343,-87.5548884376568,-87.57343106759336,-87.53848657623473,1000
D1b,TIRA,M2,183,2.823,129.5,2.728103889334281,2.7274570826745306,2.728767492421838,0.09490062361340763,-87.55507537224406,-87.57010913740643,-87.54011918172552,1000
D1b,TIRA,M2,365,2.823,129.5,2.7280816205690965,2.7275951796422153,2.7285700804832436,0.09491703253718557,-87.55533311365286,-87.56611811293472,-87.54489308714778,1000
D1b,TIRA,M4,14,0.1,266.0,0.09368835513702745,0.08853590818237679,0.0990097813072669,0.007157331252946082,-174.98658800139276,-178.30755526338987,-171.55357984817553,1000
D1b,TIRA,M4,30,0.1,266.0,0.09341318055584194,0.09175180162619606,0.09509241085682343,0.0066988062764416646,-175.0925753234264,-176.07661835956594,-174.10541092198773,1000
D1b,TIRA,M4,60,0.1,266.0,0.09336062473406864,0.09224198790678398,0.09456616794337401,0.006650205998774361,-175.08182807589353,-175.78379571711284,-174.3816833748355,1000
D1b,TIRA,M4,90,0.1,266.0,0.0933750497170254,0.09243461784994329,0.09436014144824509,0.006652330653614036,-175.10183440004437,-175.6868427492123,-174.56096435861727,1000
D1b,TIRA,M4,120,0.1,266.0,0.09335530478718634,0.09255645279275718,0.09420834765921673,0.006643608470049052,-175.09808992371063,-175.60184779498707,-174.61019775103534,1000
D1b,TIRA,M4,183,0.1,266.0,0.09340130449580311,0.09272604076274132,0.09404857889097237,0.006618205361114469,-175.12540779651687,-175.503029157509,-174.69827101026365,1000
D1b,TIRA,M4,365,0.1,266.0,0.09339712803767156,0.09294143446031794,0.09384942754790096,0.006609201745063616,-175.11263296004498,-175.3980484256791,-174.82838565044284,1000
D1b,TIRA,M6,14,0.04,38.0,0.03616064641986265,0.03393511784941694,0.038418713091749046,0.004100619612046542,97.36303424754723,93.51220377836532,100.85678674624803,1000
D1b,TIRA,M6,30,0.04,38.0,0.0361244811296046,0.0345544132470805,0.037672068275422105,0.003985619947924233,97.25176269823834,94.92143842859277,99.66123610602047,1000
D1b,TIRA,M6,60,0.04,38.0,0.03614262210541595,0.0349612411449114,0.03718499160165948,0.003932187163552588,97.3289660658939,95.56515479759926,98.98456983823536,1000
D1b,TIRA,M6,90,0.04,38.0,0.0361026818521357,0.03526299382682224,0.03701857965095633,0.003919465774957223,97.32447090519938,95.94521131294006,98.83913960580385,1000
D1b,TIRA,M6,120,0.04,38.0,0.036129504311302,0.035329295833694395,0.03691560819626283,0.0038990341342914525,97.33193227108347,96.10187359840258,98.61258542950104,1000
D1b,TIRA,M6,183,0.04,38.0,0.036092353900397195,0.035395813260305005,0.03669964208927087,0.003932241736410567,97.34668392989866,96.3308749499852,98.30883065061693,1000
D1b,TIRA,M6,365,0.04,38.0,0.03610050251535155,0.035663598191084916,0.036547764187116576,0.0038991638512037127,97.3353194969296,96.59895413837462,98.04228626891673,1000
D1b,TIRA,MK4,14,0.015,302.0,0.032777153667852596,0.009195925718801649,0.06400109790447646,0.02532284221738086,-19.926486538670673,-138.01336515545904,118.97370511334732,1000
D1b,TIRA,MK4,30,0.015,302.0,0.01963439189922645,0.011779631821608114,0.02693709178055613,0.006584922783601455,-22.303848393258477,-45.33434944582533,2.2429539104850447,1000
D1b,TIRA,MK4,60,0.015,302.0,0.0189661897574376,0.01639805202000148,0.02190770730694917,0.0043332673293729,-21.595323315133186,-30.250484872813278,-13.084954986608558,1000
D1b,TIRA,MK4,90,0.015,302.0,0.01892533291740465,0.017418184393555684,0.02046432324299899,0.004056873475005878,-21.48749138095951,-26.802350861688396,-16.537506106026957,1000
D1b,TIRA,MK4,120,0.015,302.0,0.0189040302790933,0.017733969028790583,0.020082623838392124,0.003969359128959283,-21.537561771416506,-25.35319607527261,-17.78679939100874,1000
D1b,TIRA,MK4,183,0.015,302.0,0.01890208879858645,0.01807609241958463,0.01984247757084827,0.00395334088589438,-21.687931609557637,-24.36293222216448,-19.029036575398084,1000
D1b,TIRA,MK4,365,0.015,302.0,0.0188964370859578,0.01825595493247533,0.019506965727810986,0.003917017962979652,-21.60201371810706,-23.56433111844276,-19.77820887984397,1000
D1b,TIRA,MN4,14,0.025,258.0,0.023539976242625597,0.019326838167604776,0.028094111695094782,0.003011909588023913,-62.048033264305616,-72.57851344849686,-50.364045395866725,1000
D1b,TIRA,MN4,30,0.025,258.0,0.023337770017429947,0.021660769758908426,0.02496798251770972,0.001934667154698544,-62.22307250235562,-66.06363519223318,-57.993443397954266,1000
D1b,TIRA,MN4,60,0.025,258.0,0.02336037454601295,0.022202044079239636,0.024536304102777816,0.0017987849607739466,-62.11602518196749,-64.7730920122277,-59.41217230867143,1000
D1b,TIRA,MN4,90,0.025,258.0,0.023333643807833447,0.022352895658448904,0.024279937219593994,0.001765902880705779,-62.19482971353449,-64.26858675729912,-59.97399313352692,1000
D1b,TIRA,MN4,120,0.025,258.0,0.023331900358826152,0.022507461301877453,0.0241840571005106,0.0017427379520756825,-62.23485229490049,-64.18073527159113,-60.35746517704067,1000
D1b,TIRA,MN4,183,0.025,258.0,0.0233409480562127,0.02272184350116091,0.023957141559800246,0.0016967185104785456,-62.16621518543988,-63.82267691916211,-60.51470966736324,1000
D1b,TIRA,MN4,365,0.025,258.0,0.02335155102062335,0.022882884084175506,0.02379575444096992,0.0016703763942467924,-62.129480710074716,-63.28687254229646,-61.08214233973628,1000
D1b,TIRA,MS4,14,0.07,290.0,0.07112351322480656,0.04169223743918337,0.10066080955090272,0.018061765688965704,-87.55885387696807,-115.07862581628211,-60.907945489844685,1000
D1b,TIRA,MS4,30,0.07,290.0,0.06764210755848525,0.06189651511491609,0.07378061013314707,0.004311328311467936,-87.4245394223354,-92.62550344399301,-82.53012565004438,1000
D1b,TIRA,MS4,60,0.07,290.0,0.06763995797888636,0.06545043739275123,0.06981319603553353,0.0027001574553550322,-87.54768418111479,-89.4497397226392,-85.82545488218287,1000
D1b,TIRA,MS4,90,0.07,290.0,0.06760998708971325,0.066405934911597,0.06887699205409588,0.0025010908384087206,-87.51846435151475,-88.57478189015114,-86.54682142609066,1000
D1b,TIRA,MS4,120,0.07,290.0,0.0676696110541178,0.06669968143474225,0.068636037968449,0.0024039034308531325,-87.57331439797157,-88.31061700912772,-86.79173974425504,1000
D1b,TIRA,MS4,183,0.07,290.0,0.067672723822118,0.06702201176214875,0.06831760685197526,0.0023651981185231824,-87.53656066728632,-88.07835051814283,-86.93718081425939,1000
D1b,TIRA,MS4,365,0.07,290.0,0.0676469733682407,0.06714293753872441,0.0681171383299989,0.002377932078761224,-87.55465575947345,-87.9646813620202,-87.14715280913846,1000
D1b,TIRA,N2,14,0.525,108.4,0.5073508598483265,0.5030027841894924,0.5118280719693211,0.01786172450774329,25.3537196952386,24.866187651667218,25.836865113704874,1000
D1b,TIRA,N2,30,0.525,108.4,0.5073137022400704,0.5056745717947904,0.5090282051923318,0.017713542810933854,25.366923612231957,25.17237747396653,25.58031313507204,1000
D1b,TIRA,N2,60,0.525,108.4,0.5073439613495287,0.5061802496379955,0.5084808910064246,0.017672393923710217,25.369505627161132,25.244813746532333,25.510943995717653,1000
D1b,TIRA,N2,90,0.525,108.4,0.5073415448012562,0.50639064556397,0.5082851595589291,0.017665063184912407,25.36652850877873,25.262705216671932,25.472859984691,1000
D1b,TIRA,N2,120,0.525,108.4,0.5073400897576349,0.5065642105606067,0.5081803353448215,0.01765322163145816,25.371394965425566,25.27377430454991,25.461205526312103,1000
D1b,TIRA,N2,183,0.525,108.4,0.5073331313094733,0.5066995068785249,0.508044913054952,0.017660990717582863,25.370347221936697,25.294622508781085,25.44590342305918,1000
D1b,TIRA,N2,365,0.525,108.4,0.5073704748637042,0.5068684414687155,0.5078308723987428,0.0176413277828129,25.370449760256676,25.318083016420076,25.425942681980466,1000
D1b,TIRA,S2,14,1.135,186.1,1.1348900085968952,1.1036088769908015,1.1648873753491065,0.018716528533736065,0.06424707630449686,-1.5447022349419823,1.6344102501712932,1000
D1b,TIRA,S2,30,1.135,186.1,1.135056266108542,1.1287909563831322,1.1413048286655163,0.0038216293703558658,0.0132332101787824,-0.2929202156795128,0.32942382845116636,1000
D1b,TIRA,S2,60,1.135,186.1,1.135004937301665,1.1328568974593989,1.1373489735627198,0.0013520919697378128,-0.00111895824559835,-0.11168746778134274,0.10883927552042251,1000
D1b,TIRA,S2,90,1.135,186.1,1.1350036182228485,1.1336746086902654,1.1362927769872495,0.0007988658990872811,0.0022370055516205,-0.0668460205875845,0.06693217946081087,1000
D1b,TIRA,S2,120,1.135,186.1,1.1349909580645376,1.1341033194343344,1.1359335686177603,0.0005571424869730104,0.00166473617636595,-0.04650877102495624,0.050724677553647186,1000
D1b,TIRA,S2,183,1.135,186.1,1.1349936827757108,1.1343169036870753,1.1356738970469,0.0004180203186963739,-0.00010874166711969797,-0.03534494213574954,0.0365133759198329,1000
D1b,TIRA,S2,365,1.135,186.1,1.135018673985916,1.134504461640418,1.1354901247446874,0.0003026735407891054,0.0003410105264265,-0.02400349137132451,0.024277882492695788,1000
D1b,TIRA,Z0,14,0.0,0.0,0.0007723816728896001,9.07175226316111e-05,0.00213612835880884,0.0011031530851563294,-180.0,-180.0,0.0,1000
D1b,TIRA,Z0,30,0.0,0.0,0.00048441276371355,3.27092771731445e-05,0.00140137495658237,0.0007169735999163564,-180.0,-180.0,0.0,1000
D1b,TIRA,Z0,60,0.0,0.0,0.0003448192686655,3.0325937830284702e-05,0.00096291602561856,0.0005085335846816006,0.0,-180.0,0.0,1000
D1b,TIRA,Z0,90,0.0,0.0,0.00029903054023045004,2.8642479122402046e-05,0.0008677680199604595,0.00044475462037347216,-180.0,-180.0,0.0,1000
D1b,TIRA,Z0,120,0.0,0.0,0.00024053669994824998,2.2115587141272343e-05,0.0007595904583490399,0.0003733115296140526,-180.0,-180.0,0.0,1000
D1b,TIRA,Z0,183,0.0,0.0,0.0002000258394455,1.778485511399333e-05,0.00059588643915074,0.0003043726590782609,-180.0,-180.0,0.0,1000
D1b,TIRA,Z0,365,0.0,0.0,0.00014538273667025,1.559023718769769e-05,0.00041013802218994,0.00021241322541003078,-180.0,-180.0,0.0,1000
D1b,TTide,2MS6,14,0.012,58.0,0.0121063315440653,0.009520922378184235,0.014660429830834473,0.0015473078783523146,-0.2915846065955918,-11.986228756951682,11.950462209119065,1000
D1b,TTide,2MS6,30,0.012,58.0,0.012091302180309599,0.010241939283393401,0.01373676341863109,0.0010417469109929465,-0.08852805770993649,-8.01206245379591,7.569861272473481,1000
D1b,TTide,2MS6,60,0.012,58.0,0.011999552196432301,0.010836665313209124,0.01310511746461234,0.0007135934634866913,0.00502916316344225,-5.52547238105831,5.991706905967644,1000
D1b,TTide,2MS6,90,0.012,58.0,0.01206123445926325,0.011063069011889826,0.01298892345383328,0.0005823809578129226,0.010282707121348201,-4.491233297694078,4.975841603236721,1000
D1b,TTide,2MS6,120,0.012,58.0,0.0120602356899395,0.01107779241387314,0.012926148551105654,0.000558486469325386,0.1066876386233275,-4.127615114116034,4.177277882613187,1000
D1b,TTide,2MS6,183,0.012,58.0,0.012011228029450101,0.011297209234581424,0.012716889615172415,0.0004213390847593727,0.159572231468843,-3.3461682459448014,3.388283228625728,1000
D1b,TTide,2MS6,365,0.012,58.0,0.01199659609576655,0.011513718383668995,0.01250782043624846,0.0002998190447693249,-0.01655480107910985,-2.492997062211856,2.430370543898109,1000
D1b,TTide,K2,14,0.309,192.0,0.3098855428801992,0.2807164884633751,0.34035226098080046,0.018087959830227995,-0.26941668730630397,-5.753898784855134,5.560998657784996,1000
D1b,TTide,K2,30,0.309,192.0,0.3092587975921246,0.3030221241840553,0.3157444525267693,0.0038541572483489633,-0.071747063203702,-1.186144816814131,1.0424837460863423,1000
D1b,TTide,K2,60,0.309,192.0,0.3089560108071563,0.306633626498589,0.3112167748731043,0.001367105385812271,0.0155807215851098,-0.4362638559284448,0.4047445869771565,1000
D1b,TTide,K2,90,0.309,192.0,0.30896671772641726,0.3076761268054271,0.31033390263509203,0.0008120237098467459,0.00209401119649035,-0.23303815860037103,0.22137263919473021,1000
D1b,TTide,K2,120,0.309,192.0,0.30901636101018237,0.3080611614542944,0.3099410702357911,0.0005743046044960029,0.00238083081616475,-0.17963261417270643,0.17716859088284587,1000
D1b,TTide,K2,183,0.309,192.0,0.30899405804000357,0.3083030254242456,0.30969926640150447,0.00042364213986413206,0.00034796692911235,-0.13113831342369192,0.13477201276053702,1000
D1b,TTide,K2,365,0.309,192.0,0.30899833766343854,0.3084506601697083,0.3095121665849348,0.0003104387217946792,0.00195070914799085,-0.09214332805658348,0.10017730254257616,1000
D1b,TTide,M2,14,2.823,129.5,2.8226591393994367,2.817333031541502,2.8280379432590568,0.003278991432718316,0.00299998787323825,-0.11241767049711483,0.10351237869373896,1000
D1b,TTide,M2,30,2.823,129.5,2.8229530881243674,2.821175834878095,2.8247503121153907,0.0010828601022598182,-4.233873522707654e-05,-0.03645149441055363,0.03279300131184465,1000
D1b,TTide,M2,60,2.823,129.5,2.8229726332289786,2.821727942055286,2.824229569068766,0.0007524045167638776,-0.00036831931919319996,-0.026138344332923648,0.023594520439777885,1000
D1b,TTide,M2,90,2.823,129.5,2.8230105324831403,2.822078946299955,2.8240128208481554,0.0005998836711279016,0.00017099250385395,-0.01987327043277669,0.01973154038983577,1000
D1b,TTide,M2,120,2.823,129.5,2.8230166086175528,2.8220973889208936,2.823834080773108,0.0005252812370396603,0.00071585351315655,-0.017826776423288455,0.01711771493546614,1000
D1b,TTide,M2,183,2.823,129.5,2.8230137589431865,2.8223444500847736,2.8237004485718087,0.000420583684710013,0.0005289189496408501,-0.01450484621150559,0.015485109467562035,1000
D1b,TTide,M2,365,2.823,129.5,2.8229907154557035,2.8224873514031623,2.823496168735447,0.0003008148853281514,0.00027117751136525,-0.010513821770723549,0.010711204015308241,1000
D1b,TTide,M4,14,0.1,266.0,0.10032052457646601,0.09480333750964653,0.10601865284578768,0.003475681400081112,0.06329298677530909,-3.3622224482649563,3.2148101466648957,1000
D1b,TTide,M4,30,0.1,266.0,0.10002587047472375,0.09824688304866995,0.10182397296492539,0.0011044553605795203,0.01863325904599825,-0.9654097771332659,1.0057976604780605,1000
D1b,TTide,M4,60,0.1,266.0,0.09996959424223915,0.09877176946288314,0.10126047747931925,0.0007682021444765733,0.029380506472989447,-0.6725871347194357,0.7295252075955232,1000
D1b,TTide,M4,90,0.1,266.0,0.09998504036512221,0.09897803561944621,0.10103986643276897,0.0006286754262479565,0.009374182262064299,-0.5756341669076221,0.5502442237212017,1000
D1b,TTide,M4,120,0.1,266.0,0.0999638976978169,0.09910849521975248,0.10087732720861559,0.0005281892851179552,0.0131186586002343,-0.49063921263194177,0.5010108312838979,1000
D1b,TTide,M4,183,0.1,266.0,0.1000131537115937,0.09929008826950574,0.10070624845925916,0.0004283958123381082,-0.01419921416396615,-0.3918205751623361,0.41293757207016585,1000
D1b,TTide,M4,365,0.1,266.0,0.10000868160326705,0.09952072961974652,0.10049299925473952,0.00030085027282485485,-0.0014243777160061,-0.28683984336707335,0.28282293189036234,1000
D1b,TTide,M6,14,0.04,38.0,0.040067519391840445,0.03760153999234809,0.04256955237922506,0.0015238772931894658,0.029847112310591152,-3.8209833561405615,3.523599610711716,1000
D1b,TTide,M6,30,0.04,38.0,0.040027446727742805,0.038287745379445536,0.041742238472761865,0.0010534106162211467,-0.0814244260572536,-2.4117486961467507,2.3280489811403577,1000
D1b,TTide,M6,60,0.04,38.0,0.04004754769325975,0.03873852782669161,0.04120253700178912,0.0007339700874083981,-0.0042210596665483505,-1.7680323282118962,1.6513827125273361,1000
D1b,TTide,M6,90,0.04,38.0,0.04000329221009245,0.039072882508795405,0.04101814555070002,0.000598142446200548,-0.00871622164211765,-1.3879758137051426,1.50595247905305,1000
D1b,TTide,M6,120,0.04,38.0,0.0400330126242855,0.03914634792459605,0.04090404884104347,0.0005507274921578476,-0.0012548563451275502,-1.2313135289542743,1.2793983019116604,1000
D1b,TTide,M6,183,0.04,38.0,0.03999184840377315,0.03922005203486824,0.04066474929701945,0.0004357509567884232,0.01349680317781575,-1.0023121768283203,0.9756435238520281,1000
D1b,TTide,M6,365,0.04,38.0,0.0400008774116436,0.03951676901710929,0.040496462183570274,0.00029480529783100837,0.0021323703040819998,-0.7342329883471393,0.7090991421319329,1000
D1b,TTide,MK4,14,0.015,302.0,0.02602840826496825,0.007302504423693836,0.050823409606461284,0.017928121009397068,-1.2278299747369772,-128.32980565303043,129.42691940240803,1000
D1b,TTide,MK4,30,0.015,302.0,0.01559171286540925,0.00935423097731371,0.021390802562859277,0.003773153096290667,-0.6921901204167398,-23.722691186349348,23.854612206706545,1000
D1b,TTide,MK4,60,0.015,302.0,0.01506109211502665,0.013021728408084365,0.017396957534028864,0.0013536861239999384,0.01633495923110215,-8.638826601164945,8.526703292174115,1000
D1b,TTide,MK4,90,0.015,302.0,0.015028647613430951,0.013831817726164215,0.016250763144427124,0.0007589282778787688,0.12416689580314255,-5.1906925858382404,5.074152170696814,1000
D1b,TTide,MK4,120,0.015,302.0,0.0150117311441633,0.014082582986011455,0.0159476548269579,0.0005737544726842258,0.07409650847165489,-3.7415377948046284,3.8248588878192002,1000
D1b,TTide,MK4,183,0.015,302.0,0.01501018941117205,0.014354263908259909,0.015756954159800367,0.00042284535470029223,-0.07627332124468465,-2.751273933890187,2.582621712508536,1000
D1b,TTide,MK4,365,0.015,302.0,0.0150057013733441,0.014497093116407619,0.015490523482332964,0.0003026420007824222,0.00964457028950955,-1.9526728301920004,1.8334494082812396,1000
D1b,TTide,MN4,14,0.025,258.0,0.02520636381943095,0.020694979014234283,0.030082885100783937,0.0028682693353549826,0.13819536831425688,-10.39228481463787,11.822183237238885,1000
D1b,TTide,MN4,30,0.025,258.0,0.02498984347672455,0.023194128893002347,0.02673545821152856,0.0010673733081761787,-0.03684386246317215,-3.87740655282474,4.19278524158426,1000
D1b,TTide,MN4,60,0.025,258.0,0.02501404817386385,0.023773719854528974,0.026273221417200718,0.0007667478230324683,0.0702034576092387,-2.5868633725800043,2.7740563308298873,1000
D1b,TTide,MN4,90,0.025,258.0,0.02498542517538965,0.023935250170294967,0.02599870640258077,0.0006182989886531239,-0.0086010740012625,-2.0823581180493504,2.2122355059115058,1000
D1b,TTide,MN4,120,0.025,258.0,0.02498355830839765,0.02410075746778019,0.02589603896013886,0.0005446703823762112,-0.04862365549649885,-1.9945066322449208,1.8287634622923092,1000
D1b,TTide,MN4,183,0.025,258.0,0.0249932464895116,0.02433031571602149,0.025653060138986033,0.00040632395458153236,0.02001345324242715,-1.6364482806914111,1.671518971203116,1000
D1b,TTide,MN4,365,0.025,258.0,0.0250046000344861,0.02450275631177082,0.02548024847640237,0.0003021103840690504,0.0567479288555716,-1.1006439035144808,1.1040862991451206,1000
D1b,TTide,MS4,14,0.07,290.0,0.07359787773881299,0.04314269719650223,0.10416276724100816,0.01896595548077301,-0.003249582665148399,-27.52302151210026,26.647658792643604,1000
D1b,TTide,MS4,30,0.07,290.0,0.0699953550549819,0.06404987527096805,0.07634741418774459,0.0037702230452306288,0.13106486686746166,-5.069899153250586,5.02547863824912,1000
D1b,TTide,MS4,60,0.07,290.0,0.0699931306834207,0.06772743736988661,0.07224197500300303,0.0013391941039783298,0.007920107590877,-1.8941354336903944,1.7301494064188967,1000
D1b,TTide,MS4,90,0.07,290.0,0.06996211711354794,0.06871617634171485,0.07127320077902327,0.000784600421393131,0.03713993730298165,-1.0191776013032865,1.008782862603519,1000
D1b,TTide,MS4,120,0.07,290.0,0.07002381537513185,0.06902014221182778,0.07102386397550994,0.0005951911862634599,-0.01771010899497575,-0.7550127200747851,0.7638645447585474,1000
D1b,TTide,MS4,183,0.07,290.0,0.0700270364340928,0.06935368630772223,0.07069435474002757,0.00041906642904394425,0.01904362223618245,-0.522746228632812,0.6184234752110596,1000
D1b,TTide,MS4,365,0.07,290.0,0.0700003901302161,0.06947881905386893,0.07048691198195116,0.00030949435805214577,0.0009485298694471001,-0.4090770726590761,0.4084514802341314,1000
D1b,TTide,N2,14,0.525,108.4,0.5250014354757822,0.5205020916431476,0.5296344083876218,0.002821636784116241,-0.0156559605454731,-0.5031880040804537,0.4674894579102925,1000
D1b,TTide,N2,30,0.525,108.4,0.5249629851218494,0.5232668298478255,0.5267371350883149,0.0010728240047392882,-0.0024520403423763997,-0.19699817861757074,0.21093748250845573,1000
D1b,TTide,N2,60,0.525,108.4,0.5249942969474057,0.5237901000742691,0.5261707800267318,0.0007568907424739732,0.00012997498001253782,-0.12456190565208652,0.1415683435467826,1000
D1b,TTide,N2,90,0.525,108.4,0.5249917963328232,0.5240078156124929,0.5259682391488436,0.0006156970055409088,-0.002847143330797,-0.10667043543504624,0.1034843325810896,1000
D1b,TTide,N2,120,0.525,108.4,0.5249902906715039,0.5241874188831563,0.5258597681363243,0.0005115286060323742,0.00201931327598,-0.09560134760364176,0.09182987415943554,1000
D1b,TTide,N2,183,0.525,108.4,0.52498309014299,0.5243274221188913,0.5257196345497953,0.000419072351992347,0.0009715693390148,-0.07475314381889853,0.07652777046308752,1000
D1b,TTide,N2,365,0.525,108.4,0.5250217328666562,0.5245022338889924,0.5254981474860232,0.0002958856341850101,0.00107410792625725,-0.05129263591067561,0.05656702965295038,1000
D1b,TTide,S2,14,1.135,186.1,1.1348900088106784,1.103608877205635,1.1648873755633495,0.01871652853416338,0.06424706682714995,-1.544702243916214,1.634410240501227,1000
D1b,TTide,S2,30,1.135,186.1,1.1350562662255763,1.1287909565000565,1.1413048287824115,0.0038216293691474895,0.01323320585244395,-0.2929202199731534,0.3294238240915362,1000
D1b,TTide,S2,60,1.135,186.1,1.135004937349798,1.132856897507471,1.1373489736107767,0.0013520919705995726,-0.0011189610396513,-0.11168747057465246,0.10883927272462869,1000
D1b,TTide,S2,90,1.135,186.1,1.135003618246791,1.1336746087142406,1.1362927770111595,0.0007988658989475279,0.0022370031813636502,-0.06684602295364635,0.06693217708835555,1000
D1b,TTide,S2,120,1.135,186.1,1.1349909580748145,1.1341033194446535,1.1359335686281486,0.0005571424869590146,0.00166473405325,-0.046508773150360054,0.050724675427466004,1000
D1b,TTide,S2,183,1.135,186.1,1.1349936827734577,1.1343169036848222,1.1356738970446247,0.00041802031870547224,-0.00010874343517738954,-0.035344943904294705,0.03651337415153213,1000
D1b,TTide,S2,365,1.135,186.1,1.135018673984204,1.1345044616387148,1.135490124742994,0.00030267354073566674,0.00034100873793360003,-0.024003493158883695,0.024277880703733934,1000
D1b,TTide,Z0,14,0.0,0.0,0.0007723816729466001,9.071752257519418e-05,0.002136128358753895,0.0011031530851563678,1.9446133592282422e-10,-6.866684998385606e-12,179.99999999999295,1000
D1b,TTide,Z0,30,0.0,0.0,0.00048441276408745003,3.270927751476665e-05,0.00140137495695503,0.0007169735999057386,179.99999998557882,5.0792436923075006e-11,179.99999999995032,1000
D1b,TTide,Z0,60,0.0,0.0,0.00034481926866615,3.0325937645892148e-05,0.00096291602543548,0.0005085335846866196,-3.650939106591977e-09,-179.99999999997578,-2.7284841053187847e-11,1000
D1b,TTide,Z0,90,0.0,0.0,0.00029903054009364997,2.8642478990941614e-05,0.0008677680198213544,0.000444754620365295,-1.566604623803869e-10,-180.0,179.9999999999351,1000
D1b,TTide,Z0,120,0.0,0.0,0.00024053669985865,2.2115587037248857e-05,0.0007595904584448799,0.0003733115296088968,179.99999999812707,4.723403890238842e-11,179.99999999995475,1000
D1b,TTide,Z0,183,0.0,0.0,0.00020002583946465,1.778485507805769e-05,0.0005958864390999649,0.0003043726590766191,2.6710722522693686e-10,-180.0,179.99999999996126,1000
D1b,TTide,Z0,365,0.0,0.0,0.00014538273667275,1.559023723127884e-05,0.000410138022217955,0.0002124132254095185,179.99999999655995,9.028724434756442e-11,179.99999999991135,1000
D1b,UTide,2MS6,14,0.012,58.0,0.011592152691255051,0.009118064287428045,0.014073014192002199,0.001537475800054301,-90.76585844324028,-102.49733792987607,-78.51832009636988,1000
D1b,UTide,2MS6,30,0.012,58.0,0.011592694897919649,0.009818843535299085,0.013173654405565869,0.0010866087353625584,-90.60722705130615,-98.54579959077141,-82.9532516046007,1000
D1b,UTide,2MS6,60,0.012,58.0,0.01151778804865315,0.010403225381094994,0.01257876615808769,0.0008354626431103312,-90.54219194925972,-96.08345627092216,-84.56720387438403,1000
D1b,UTide,2MS6,90,0.012,58.0,0.01158700766711585,0.010628035881285204,0.012477451157626445,0.0007078719917400956,-90.57833282725304,-95.09170861495673,-85.62543773022482,1000
D1b,UTide,2MS6,120,0.012,58.0,0.011593726243445051,0.010650708760634644,0.012427389735833905,0.0006816686220217104,-90.5135491442658,-94.73556758263084,-86.4326647621352,1000
D1b,UTide,2MS6,183,0.012,58.0,0.01157114741538455,0.01088478046866795,0.012251870233797174,0.0005917959278205465,-90.47323782728552,-93.9821775120384,-87.24369872014461,1000
D1b,UTide,2MS6,365,0.012,58.0,0.01161616475752305,0.0111494684529249,0.01211351762641249,0.00047507163138269806,-90.75884475830787,-93.23500166578917,-88.31507747738212,1000
D1b,UTide,K2,14,0.309,192.0,0.3661672037706058,0.33166144580657353,0.4019605218153942,0.060825180142612296,-175.10840715901753,-179.2023585560728,179.00572371817225,1000
D1b,UTide,K2,30,0.309,192.0,0.36418667792914583,0.3568490332173269,0.37180290893715695,0.0553789910857837,-175.80490853943894,-176.9173870435587,-174.69039692679075,1000
D1b,UTide,K2,60,0.309,192.0,0.3617256637028531,0.35901145829994097,0.3643764074071205,0.05273551303183792,-175.79370987803964,-176.24718826224316,-175.4050630086269,1000
D1b,UTide,K2,90,0.309,192.0,0.3598243573130529,0.35831613891791453,0.361414903341126,0.050885792318563765,-175.8762427155948,-176.111264511005,-175.65707324016455,1000
D1b,UTide,K2,120,0.309,192.0,0.35806395653305956,0.35695614059938635,0.35913806410491184,0.049058194254505846,-175.93454468997092,-176.1163655549571,-175.75987633670343,1000
D1b,UTide,K2,183,0.309,192.0,0.3547463107772768,0.3539588224617995,0.35556181785656077,0.045753188502792606,-176.01180766629614,-176.14322805574528,-175.87806261545967,1000
D1b,UTide,K2,365,0.309,192.0,0.3461714772642681,0.34555891589435117,0.34674261571215953,0.037176344547505576,-176.53306705296947,-176.62709633978713,-176.4333634936307,1000
D1b,UTide,M2,14,2.823,129.5,2.7620987507808383,2.756745141367842,2.767429752116301,0.06097676822774105,134.72559622928424,134.61028584767675,134.82702077641324,1000
D1b,UTide,M2,30,2.823,129.5,2.763090965626208,2.761355123216304,2.7648605497240037,0.05992371157119827,134.7076677646706,134.67113245212602,134.7404358864906,1000
D1b,UTide,M2,60,2.823,129.5,2.7643534249334434,2.763134521431948,2.7655852701613406,0.05863112120340394,134.69362509232968,134.6677886256091,134.71743519838597,1000
D1b,UTide,M2,90,2.823,129.5,2.7656716757669884,2.7647592569611605,2.7666541766287276,0.057311972360248174,134.68115864836165,134.6609678968625,134.7006901344871,1000
D1b,UTide,M2,120,2.823,129.5,2.766984386433744,2.7660832930578185,2.7677862029671103,0.056040436175319785,134.66823387248266,134.64968307971284,134.68459463965718,1000
D1b,UTide,M2,183,2.823,129.5,2.769403820153271,2.7687465041359482,2.7700774879479035,0.053601601562509614,134.63903329293305,134.62399839372225,134.65401624898578,1000
D1b,UTide,M2,365,2.823,129.5,2.7772156223602615,2.7767209246004936,2.777712333094849,0.045784066176298065,134.5702457521209,134.55943981162432,134.58068089113678,1000
D1b,UTide,M4,14,0.1,266.0,0.09605846583722495,0.0907259562075536,0.10144896244983476,0.005204051939524073,-90.49852728644382,-93.91391313643057,-87.3223942748508,1000
D1b,UTide,M4,30,0.1,266.0,0.09582556313939394,0.09412881351221404,0.09755224234318559,0.004336112158751166,-90.5619851495394,-91.54468789803205,-89.57567938884453,1000
D1b,UTide,M4,60,0.1,266.0,0.0958600180180971,0.09471259106512461,0.09709906197259197,0.0041762153024351295,-90.57757285015393,-91.27860917679891,-89.87553550957567,1000
D1b,UTide,M4,90,0.1,266.0,0.09596654489149406,0.09500131093730825,0.09697876538843692,0.004079999535419327,-90.62159875922174,-91.20764972740287,-90.08075407217997,1000
D1b,UTide,M4,120,0.1,266.0,0.09603765099534485,0.09521931605904262,0.09691485030872782,0.003973957379665477,-90.64531082149024,-91.1505846140394,-90.15800244551293,1000
D1b,UTide,M4,183,0.1,266.0,0.0962547528095486,0.09555996911194488,0.09692149714717559,0.0037744705954293072,-90.73301982282126,-91.11122552645594,-90.30569075870291,1000
D1b,UTide,M4,365,0.1,266.0,0.09677907775511169,0.09630725970548594,0.09724852887209712,0.0032345381449339996,-90.86246254029436,-91.14699127816164,-90.5759430721928,1000
D1b,UTide,M6,14,0.04,38.0,0.03755597109272725,0.03525077329105606,0.03989451453546747,0.0028572108623616237,44.18080999321468,40.33794331370463,47.69065929262902,1000
D1b,UTide,M6,30,0.04,38.0,0.037541172225122404,0.03590890137344762,0.03914486601540734,0.00264438913358615,44.05060650495503,41.723247862478075,46.46175285795802,1000
D1b,UTide,M6,60,0.04,38.0,0.03760907285728235,0.03638092173491207,0.03869308710388451,0.0025059299277218725,44.07866194260126,42.31663640768392,45.736180882449844,1000
D1b,UTide,M6,90,0.04,38.0,0.0376181990451007,0.03674081588086686,0.03857055478251167,0.002434073651307979,44.03037284066744,42.649644455215125,45.545258103263656,1000
D1b,UTide,M6,120,0.04,38.0,0.037692465813613,0.03685739596379045,0.03851298950235897,0.0023627582841329884,43.996083084626505,42.76470221187915,45.27676767546469,1000
D1b,UTide,M6,183,0.04,38.0,0.03775832097708895,0.03703069628321335,0.03839603930922385,0.002283811581934614,43.928307553245105,42.91075344625836,44.888977436398264,1000
D1b,UTide,M6,365,0.04,38.0,0.0380752526501913,0.037615657070993916,0.03854543319243238,0.0019368419802368955,43.7177835263721,42.980429887667015,44.416353256985595,1000
D1b,UTide,MK4,14,0.015,302.0,0.0299797941970548,0.008601079453000905,0.05842616104179657,0.02227532680359544,-37.158014154917595,-146.3434242510587,117.16228746839707,1000
D1b,UTide,MK4,30,0.015,302.0,0.017990275639700598,0.01082598134109619,0.02469208400919052,0.005222571146633081,-41.45820731682082,-64.46740229885525,-16.990157950036867,1000
D1b,UTide,MK4,60,0.015,302.0,0.017255313922978,0.014923804614993905,0.019922773607881725,0.002746532172756887,-40.824156045288674,-49.46866472675544,-32.29910912226645,1000
D1b,UTide,MK4,90,0.015,302.0,0.0170932745179634,0.01572594675855139,0.01848976450868985,0.0022800634590992123,-40.882447313431044,-46.21917908500411,-35.925694183552515,1000
D1b,UTide,MK4,120,0.015,302.0,0.016974674101149,0.015918048590990996,0.018044263622991236,0.0020791615769328066,-41.144950191305355,-44.98008176384842,-37.37090049399917,1000
D1b,UTide,MK4,183,0.015,302.0,0.01686305053133965,0.01612533145898471,0.017699982691783196,0.0019352124518128054,-41.64279118048708,-44.30686635621338,-38.95025995783255,1000
D1b,UTide,MK4,365,0.015,302.0,0.0165036895697782,0.015939378898847643,0.017035379759393197,0.0015425834785636118,-42.1273762026359,-44.070721699887116,-40.29730638822344,1000
D1b,UTide,MN4,14,0.025,258.0,0.024145969329485498,0.01982228939461491,0.028820813612297776,0.0028499622355032538,140.9291351227815,130.53894557318856,152.67871210428942,1000
D1b,UTide,MN4,30,0.025,258.0,0.023996253307178403,0.02227846841998286,0.025676848980650015,0.0014297509470635788,140.80774689052743,136.9823244435099,145.04794816564973,1000
D1b,UTide,MN4,60,0.025,258.0,0.02405771736132575,0.022867149183798074,0.02526572547065889,0.0012051444309050966,140.88918062694023,138.22784010309778,143.58201467607245,1000
D1b,UTide,MN4,90,0.025,258.0,0.0240608370748998,0.02305194679228212,0.02503561912659942,0.0011133332639991192,140.75317607116338,138.68279493806983,142.97410390070567,1000
D1b,UTide,MN4,120,0.025,258.0,0.024075895268342203,0.023225102751069975,0.024955584051597233,0.0010611150857804982,140.66355161315033,138.72202556958894,142.54267295582324,1000
D1b,UTide,MN4,183,0.025,258.0,0.02412328789826835,0.02348105781706701,0.024759337813264677,0.0009558035823945628,140.7406429997972,139.08920935928978,142.3930830177446,1000
D1b,UTide,MN4,365,0.025,258.0,0.02431375833371635,0.023826379695090463,0.024774073503057725,0.0007448768271987653,140.75410964935267,139.595973840323,141.7991661579138,1000
D1b,UTide,MS4,14,0.07,290.0,0.0719157246145036,0.04186405027940543,0.10141649076960288,0.018429885622567387,134.81842503917744,106.40721837479711,161.2321518594614,1000
D1b,UTide,MS4,30,0.07,290.0,0.0684696303113843,0.06259998818286236,0.07476847260879348,0.003991891653339504,134.97428337111432,129.75313168952553,139.91249108819537,1000
D1b,UTide,MS4,60,0.07,290.0,0.06858861023079245,0.0663546712915044,0.07078602208621566,0.0019416744947142578,134.86188997620243,132.94864135942407,136.58270080876704,1000
D1b,UTide,MS4,90,0.07,290.0,0.0686548967400505,0.06743269374103804,0.06994346637675257,0.0015413700708542756,134.86670039346183,133.80500051575768,135.83302864076944,1000
D1b,UTide,MS4,120,0.07,290.0,0.068801812486059,0.06782179908707577,0.06979054503612474,0.0013368617047556945,134.76559044059903,134.02450210468857,135.54341609255312,1000
D1b,UTide,MS4,183,0.07,290.0,0.06884580792353825,0.06818344690566276,0.06950080494668502,0.0012267612297971265,134.70215749266313,134.1605485667866,135.29793619359327,1000
D1b,UTide,MS4,365,0.07,290.0,0.0689860298441626,0.0684695902076629,0.06946533680375297,0.0010671457577306098,134.62502128466784,134.21417731509882,135.03453247821233,1000
D1b,UTide,N2,14,0.525,108.4,0.5142485565679026,0.5098136219372215,0.5187211195867057,0.011106755456863321,6.055917923354684,5.554573345713733,6.540293658114405,1000
D1b,UTide,N2,30,0.525,108.4,0.5148615163072143,0.5132016378158966,0.516608632821148,0.01018839164811486,6.106603063434164,5.91246069697827,6.3213114980481375,1000
D1b,UTide,N2,60,0.525,108.4,0.5153432776858271,0.5141633029204121,0.516497736970368,0.009686341504690445,6.094383582644582,5.969607650198901,6.235790601010095,1000
D1b,UTide,N2,90,0.525,108.4,0.5157639232708268,0.5147971380967189,0.5167221948753545,0.009252174971981332,6.072446753822248,5.968500373697897,6.178586598869176,1000
D1b,UTide,N2,120,0.525,108.4,0.5160737678109917,0.5152838336284212,0.5169275213346152,0.008926923122448667,6.057268851994692,5.9598057272646034,6.146973654941516,1000
D1b,UTide,N2,183,0.525,108.4,0.516605054146987,0.5159590049351924,0.5173281377020862,0.008395072283735127,6.059301573244653,5.983514787617946,6.134939576896954,1000
D1b,UTide,N2,365,0.525,108.4,0.5188675595355372,0.5183550671067363,0.5193400330217507,0.006148463808609037,6.098215058415036,6.045929895139369,6.1537287871592055,1000
D1b,UTide,S2,14,1.135,186.1,1.134014023720217,1.1027118103314435,1.1643860028989514,0.018856018155978684,0.337243088372972,-1.23191504718377,1.9312405012310705,1000
D1b,UTide,S2,30,1.135,186.1,1.1350343769953022,1.128746591960243,1.1413408707853083,0.0038407609133899643,0.2412924054635539,-0.06728202982817205,0.5579188695091076,1000
D1b,UTide,S2,60,1.135,186.1,1.1366925726930033,1.134535887413757,1.1390360015016363,0.002188408201613719,0.218242888591277,0.10766685262234994,0.3288159321152036,1000
D1b,UTide,S2,90,1.135,186.1,1.1379934592220566,1.136669183564374,1.1392935123857741,0.00309554000492105,0.18153258543641465,0.1126647476821986,0.2456598546967896,1000
D1b,UTide,S2,120,1.135,186.1,1.1386826770893397,1.1377847912223897,1.139618051134743,0.003727621558258074,0.11737489413010845,0.06921688822162507,0.16609803386105562,1000
D1b,UTide,S2,183,1.135,186.1,1.1374486263832169,1.136778491186054,1.1381308389372682,0.0024890278714509873,0.00193892366031885,-0.03316525461931402,0.03855117050923973,1000
D1b,UTide,S2,365,1.135,186.1,1.1369932677096473,1.1364802757897847,1.1374644706200652,0.002007514743106628,0.0101122210258637,-0.014248082550190494,0.03409739587894759,1000
D1b,UTide,Z0,14,0.0,0.0,0.0,0.0,0.0,0.0,0.0,0.0,0.0,1000
D1b,UTide,Z0,30,0.0,0.0,0.0,0.0,0.0,0.0,0.0,0.0,0.0,1000
D1b,UTide,Z0,60,0.0,0.0,0.0,0.0,0.0,0.0,0.0,0.0,0.0,1000
D1b,UTide,Z0,90,0.0,0.0,0.0,0.0,0.0,0.0,0.0,0.0,0.0,1000
D1b,UTide,Z0,120,0.0,0.0,0.0,0.0,0.0,0.0,0.0,0.0,0.0,1000
D1b,UTide,Z0,183,0.0,0.0,0.0,0.0,0.0,0.0,0.0,0.0,0.0,1000
D1b,UTide,Z0,365,0.0,0.0,0.0,0.0,0.0,0.0,0.0,0.0,0.0,1000
