name,KTide_white_A_cm,KTide_white_dA95_cm,KTide_white_dg95_deg,UTide_white_A_cm,UTide_white_dA95_cm,UTide_white_dg95_deg,UTide_colored_A_cm,UTide_colored_dA95_cm,UTide_colored_dg95_deg,TTide_white_A_cm,TTide_white_dA95_cm,TTide_white_dg95_deg,TTide_colored_A_cm,TTide_colored_dA95_cm,TTide_colored_dg95_deg
M2,284.23282246290194,0.7277876763351452,0.14671412053256225,284.11884668455156,0.7267222565844061,0.14654712725492658,284.11884668455156,1.0168537433683702,0.20505357250159464,283.9390517971489,1.371454049267756,0.27223597500758423,283.9390517971489,2.0887004062744174,0.41644096019935584
S2,112.07316237242222,0.7394080682846128,0.3780170868615518,112.18782409529638,0.7390893088499475,0.3774698614685319,112.18782409529638,1.0168277601822409,0.5193172586552364,112.08638100099814,1.371454049267756,0.7016689121479945,112.08638100099814,2.0129751087813728,0.9615209353133347
N2,50.108856469519615,0.7331492725117663,0.8382919129559834,50.29734482394305,0.7349776038080944,0.8372320213436965,50.29734482394305,1.0168445035247509,1.158313905984735,50.412973092111045,1.3714540492677558,1.5403040264686927,50.412973092111045,1.8739893282198872,1.9353254067182815
K2,32.69439130345159,0.8243816782037571,1.4446923642791596,32.8616379070384,0.8278748254344745,1.443438985812764,32.8616379070384,1.0168372731918522,1.7729039671938116,33.058190652904955,1.3714540492677558,2.6680007590545616,33.058190652904955,1.9317497674537543,3.9882885048329237
K1,39.38395405763697,0.7678901599657361,1.1171457583038147,39.43867993738156,0.7670960581995393,1.1144242720640596,39.43867993738156,2.3366508778306985,3.3946471576274964,39.25083700636842,0.4975232615105722,0.7545978598093629,39.25083700636842,0.8028878654836544,1.075411536480278
P1,11.98201100356198,0.7679820651678695,3.672411561567196,11.467697506018567,0.734247461592223,3.6684718514916796,11.467697506018567,2.3366622183410892,11.674510329038073,11.29423398664733,0.4975232615105722,2.5092422515017643,11.29423398664733,0.720539854825007,3.4723711065621217
Q1,5.229266021867492,0.7879564477885582,8.632966238703602,5.161145410439532,0.7771474965749233,8.626889247049345,5.161145410439532,2.3367216717883443,25.939270412041505,5.679098261586654,0.4975232615105722,5.2854075897014035,5.679098261586654,0.8294658758193737,8.854941051512688
M4,6.358458555664848,0.7392919911030464,6.661736518785608,6.153151976012402,0.7145266274038349,6.653540200231903,6.153151976012402,0.24014716381064427,2.236206107799451,6.157298594186585,0.34054051666614654,3.0664416612440593,6.157298594186585,0.5456189801059848,4.725773931800487
MS4,5.555138706561975,0.7389920651933087,7.62261996842597,5.467358610300174,0.7267059645175531,7.6162471920457415,5.467358610300174,0.24013946142468998,2.5167833870599736,5.463713082483846,0.34054051666614654,3.5160211280740623,5.463713082483846,0.441341592138462,5.375270332812354
MF,1.5072533738095903,0.8481237020170389,32.40546584992946,1.312758207696773,0.7361757418512886,32.312415786203104,1.312758207696773,1.0753134505916537,47.1979356839948,1.2530528315803209,3.8131059759652537,174.35408448292347,1.2530528315803209,4.089155312726458,182.98349911458294
MM,1.8979924859574782,0.700489557836549,21.171212132366264,2.021630039232306,0.7395604485636093,20.923862352590696,2.021630039232306,1.079293625082109,30.535693590845572,1.5482397178014509,3.8131059759652537,141.11179085959822,1.5482397178014509,4.5613608787782995,182.24303247363855
SA,17.19292796818058,0.7393533541600493,2.462626065201361,17.193233602511,0.73847425125118,2.459221180503686,17.193233602511,1.0787353636574093,3.5923376474805804,,,,,,
SSA,2.326023988041518,0.7396341080760205,18.196361866315222,2.3261551708695,0.7386846872393156,18.172207583539276,2.3261551708695,1.079023902755806,26.544812268629865,2.2844054213426412,3.8131059759652537,95.6375244156595,2.2844054213426412,4.473739380771663,138.5883188576232
